,ja_name,en_name
0,D–ys,Sapporo
1,”ŸŠÙs,Hakodate
2,¬’Ms,Otaru
3,ˆ®ìs,Asahikawa
4,º—–s,Muroran City
5,‹ú˜Hs,Kushiro City
6,‘ÑLs,Obihiro City
7,–kŒ©s,Kitami City
8,—[’£s,Yubari City
9,ŠâŒ©‘òs,Iwamizawa
10,–Ô‘–s,Abashiri
11,—¯–Gs,Rumoi
12,“Ï¬–qs,Tomakomai
13,’t“às,Wakkanai City
14,”ü‰Ss,Bibai City
15,ˆ°•Ês,Ashibetsu City
16,]•Ês,Ebetsu City
17,Ô•½s,Akabira City
18,–ä•Ês,Monbetsu City
19,m•Ês,Shibetsu City
20,–¼Šñs,Nayoro City
21,OŠ}s,Mikasa City
22,ªºs,Nemuro City
23,çÎs,Chitose City
24,‘êìs,Takikawa City
25,»ìs,Sunagawa City
26,‰Ìu“às,Utashinai City
27,[ìs,Fukagawa
28,•x—Ç–ìs,Furano
29,“o•Ês,Noboribetsu
30,Œb’ës,Eniwa City
31,ˆÉ’Bs,Date City
32,–kL“‡s,Kitahiroshima City
33,Îës,Ishikari
34,–k“ls,Hokuto City
35,ÎëŒS“–•Ê’¬,"Tobetsu Town, Ishikari County"
36,ÎëŒSVÂ’Ã‘º,"Shinshinotsu Village, Ishikari District"
37,¼‘OŒS¼‘O’¬,"Matsumae-cho, Matsumae-gun"
38,¼‘OŒS•Ÿ“‡’¬,"Fukushima Town, Matsumae District"
39,ãˆéŒS’m“à’¬,"Shirinai-cho, Kamiiso-gun"
40,ãˆéŒS–ØŒÃ“à’¬,"Kikonai Town, Kamiiso District"
41,‹T“cŒSµ”Ñ’¬,"Nanae Town, Kameda District"
42,Š•”ŒS­•”’¬,"Shikabe Town, Kayabe County"
43,Š•”ŒSX’¬,"Mori-machi, Kayabe-gun"
44,“ñŠCŒS”ª‰_’¬,"Yakumo-cho, Nikai-gun"
45,R‰zŒS’·–œ•”’¬,"Oshamambe-cho, Yamakoshi-gun"
46,wRŒS]·’¬,"Esashi Town, Hiyama District"
47,wRŒSãƒm‘’¬,"Kaminokuni-cho, Hiyama-gun"
48,wRŒSŒú‘ò•”’¬,"Assabu-cho, Hiyama-gun"
49,¢uŒS‰³•”’¬,"Otobe-cho, Nishi-gun"
50,‰œKŒS‰œK’¬,"Okushiri Town, Okushiri District"
51,£’IŒS¡‹à’¬,"Imakane-cho, Setana-gun"
52,‹v‰“ŒS‚¹‚½‚È’¬,"Setana Town, Kuon County"
53,“‡–qŒS“‡–q‘º,"Shimamaki Village, Shimamaki District"
54,õ“sŒSõ“s’¬,"Suttsu Town, Suttsu District"
55,õ“sŒS•¼“à’¬,"Kuromatsunai Town, Suttsu District"
56,ˆé’JŒS—–‰z’¬,"Rankoshi Town, Isoya District"
57,ˆ¸“cŒSƒjƒZƒR’¬,"Niseko Town, Abuta District"
58,ˆ¸“cŒS^ë‘º,"Makkari Village, Abuta District"
59,ˆ¸“cŒS—¯õ“s‘º,"Rusutsu Village, Abuta District"
60,ˆ¸“cŒSŠì–Î•Ê’¬,"Kimobetsu Town, Abuta District"
61,ˆ¸“cŒS‹‹É’¬,"Kyogoku-cho, Abuta-gun"
62,ˆ¸“cŒS‹ä’mˆÀ’¬,"Kutchan Town, Abuta District"
63,Šâ“àŒS‹¤˜a’¬,"Kyowa Town, Iwanai County"
64,Šâ“àŒSŠâ“à’¬,"Iwanai Town, Iwanai District"
65,ŒÃ‰FŒS”‘‘º,"Tomari Village, Kou County"
66,ŒÃ‰FŒS_Œb“à‘º,"Kamoenai Village, Kou District"
67,Ï’OŒSÏ’O’¬,"Shakotan Town, Shakotan County"
68,ŒÃ•½ŒSŒÃ•½’¬,"Furubira-cho, Furubira-gun"
69,—]sŒSm–Ø’¬,"Niki-cho, Yoichi-gun"
70,—]sŒS—]s’¬,"Yoichi-cho, Yoichi-gun"
71,—]sŒSÔˆäì‘º,"Akaigawa Village, Yoichi District"
72,‹ó’mŒS“ì–y’¬,"Nanporo Town, Sorachi County"
73,‹ó’mŒS“Şˆä]’¬,"Naie Town, Sorachi County"
74,‹ó’mŒSã»ì’¬,"Kamisunagawa-cho, Sorachi-gun"
75,—[’£ŒS—Rm’¬,"Yuni Town, Yubari District"
76,—[’£ŒS’·À’¬,"Naganuma Town, Yubari County"
77,—[’£ŒSŒIR’¬,"Kuriyama-cho, Yubari-gun"
78,Š’ŒËŒSŒŒ`’¬,"Tsukigata Town, Kabato County"
79,Š’ŒËŒS‰Y‰P’¬,"Urausu-cho, Kabato-gun"
80,Š’ŒËŒSV\’Ãì’¬,"Shintotsukawa-cho, Kabato-gun"
81,‰J—³ŒS–…”w‹’¬,"Imoseushi-cho, Uryu-gun"
82,‰J—³ŒS’•ƒ•Ê’¬,"Chichibubetsu Town, Uryu District"
83,‰J—³ŒS‰J—³’¬,"Uryu-cho, Uryu-gun"
84,‰J—³ŒS–k—³’¬,"Hokuryu-cho, Uryu-gun"
85,‰J—³ŒSÀ“c’¬,"Numata-cho, Uryu-gun"
86,ãìŒS‘é²’¬,"Takasu Town, Kamikawa County"
87,ãìŒS“Œ_Šy’¬,"Higashikagura-cho, Kamikawa-gun"
88,ãìŒS“––ƒ’¬,"Toma Town, Kamikawa County"
89,ãìŒS”ä•z’¬,"Hippu-cho, Kamikawa-gun"
90,ãìŒSˆ¤•Ê’¬,"Aibetsu-cho, Kamikawa-gun"
91,ãìŒSãì’¬,"Kamikawa Town, Kamikawa County"
92,ãìŒS“Œì’¬,"Higashikawa-cho, Kamikawa-gun"
93,ãìŒS”ü‰l’¬,"Biei Town, Kamikawa County"
94,‹ó’mŒSã•x—Ç–ì’¬,"Kamifurano-cho, Sorachi-gun"
95,‹ó’mŒS’†•x—Ç–ì’¬,"Nakafurano-cho, Sorachi-gun"
96,‹ó’mŒS“ì•x—Ç–ì’¬,"Minamifurano Town, Sorachi County"
97,—E•¥ŒSèŠ¥‘º,"Shimukappu Village, Yufutsu District"
98,ãìŒS˜aŠ¦’¬,"Wassamu-cho, Kamikawa-gun"
99,ãìŒSŒ••£’¬,"Kenbuchi-cho, Kamikawa-gun"
100,ãìŒS‰ºì’¬,"Shimokawa Town, Kamikawa County"
101,’†ìŒS”ü[’¬,"Bifuka Town, Nakagawa County"
102,’†ìŒS‰¹ˆĞq•{‘º,"Otoineppu Village, Nakagawa County"
103,’†ìŒS’†ì’¬,"Nakagawa-cho, Nakagawa-gun"
104,‰J—³ŒS–y‰Á“à’¬,"Horokanai-cho, Uryu-gun"
105,‘–ÑŒS‘–Ñ’¬,"Mashike-cho, Mashike-gun"
106,—¯–GŒS¬•½’¬,"Obira Town, Rumoi County"
107,“Ï‘OŒS“Ï‘O’¬,"Tomamae-cho, Tomamae-gun"
108,“Ï‘OŒS‰H–y’¬,"Haboro Town, Tomamae District"
109,“Ï‘OŒS‰R•Ê‘º,"Hatsuyamabetsu Village, Tomamae District"
110,“V‰–ŒS‰“•Ê’¬,"Enbetsu-cho, Teshio-gun"
111,“V‰–ŒS“V‰–’¬,"Teshio-cho, Teshio-gun"
112,@’JŒS‰•¥‘º,"Sarufutsu village, Soya district"
113,}KŒS•l“Ú•Ê’¬,"Hamatonbetsu Town, Esashi District"
114,}KŒS’†“Ú•Ê’¬,"Nakatombetsu Town, Esashi District"
115,}KŒS}K’¬,"Esashi-cho, Esashi-gun"
116,“V‰–ŒS–L•x’¬,"Toyotomi Town, Teshio District"
117,—ç•¶ŒS—ç•¶’¬,"Rebun Town, Rebun County"
118,—˜KŒS—˜K’¬,"Rishiri-cho, Rishiri-gun"
119,—˜KŒS—˜K•xm’¬,"Rishirifuji Town, Rishiri District"
120,“V‰–ŒS–y‰„’¬,"Horonobe Town, Teshio District"
121,–Ô‘–ŒS”ü–y’¬,"Bihoro Town, Abashiri District"
122,–Ô‘–ŒS’Ã•Ê’¬,"Tsubetsu Town, Abashiri District"
123,Î—¢ŒSÎ—¢’¬,"Shari Town, Shari County"
124,Î—¢ŒS´—¢’¬,"Kiyosato Town, Shari County"
125,Î—¢ŒS¬´…’¬,"Koshimizu Town, Shari District"
126,í˜CŒSŒPq•{’¬,"Kunneppu-cho, Tokoro-gun"
127,í˜CŒS’uŒË’¬,"Oketo Town, Tokoro County"
128,í˜CŒS²˜CŠÔ’¬,"Saroma-cho, Tokoro-gun"
129,–ä•ÊŒS‰“Œy’¬,"Engaru Town, Monbetsu County"
130,–ä•ÊŒS—N•Ê’¬,"Yubetsu-cho, Monbetsu-gun"
131,–ä•ÊŒS‘êã’¬,"Takinoue-cho, Monbetsu-gun"
132,–ä•ÊŒS‹»•”’¬,"Okoppe-cho, Monbetsu-gun"
133,–ä•ÊŒS¼‹»•”‘º,"Nishikobu village, Monbetsu-gun"
134,–ä•ÊŒS—Y•’¬,"Oumu-cho, Monbetsu-gun"
135,–Ô‘–ŒS‘å‹ó’¬,"Ozora Town, Abashiri District"
136,ˆ¸“cŒS–L‰Y’¬,"Toyoura Town, Abuta District"
137,—LìŒS‘s•Ë’¬,"Sobetsu-cho, Usu-gun"
138,”’˜VŒS”’˜V’¬,"Shiraoi-cho, Shiraoi-gun"
139,—E•¥ŒSŒú^’¬,"Atsuma-cho, Yufutsu-gun"
140,ˆ¸“cŒS“´–êŒÎ’¬,"Toyako Town, Abuta District"
141,—E•¥ŒSˆÀ•½’¬,"Abira Town, Yufutsu District"
142,—E•¥ŒS‚Ş‚©‚í’¬,"Mukawa Town, Yufutsu District"
143,¹—¬ŒS“ú‚’¬,"Hidaka Town, Saru District"
144,¹—¬ŒS•½æ’¬,"Biratori Town, Saru District"
145,VŠ¥ŒSVŠ¥’¬,"Niikappu-cho, Niikappu-gun"
146,‰Y‰ÍŒS‰Y‰Í’¬,"Urakawa-cho, Urakawa-gun"
147,—l—ŒS—l—’¬,"Samani-cho, Samani-gun"
148,–yòŒS‚¦‚è‚à’¬,"Erimo Town, Horoizumi District"
149,“ú‚ŒSV‚Ğ‚¾‚©’¬,"Shinhidaka-cho, Hidaka-gun"
150,‰Í“ŒŒS‰¹X’¬,"Otofuke Town, Kato District"
151,‰Í“ŒŒSm–y’¬,"Shihoro-cho, Kato-gun"
152,‰Í“ŒŒSãm–y’¬,"Kamishihoro Town, Kato District"
153,‰Í“ŒŒS­’Ç’¬,"Shikaoi Town, Kato County"
154,ãìŒSV“¾’¬,"Shintoku-cho, Kamikawa-gun"
155,ãìŒS´…’¬,"Shimizu Town, Kamikawa County"
156,‰Í¼ŒS‰èº’¬,"Memuro-cho, Kasai-gun"
157,‰Í¼ŒS’†D“à‘º,"Nakasatsunai Village, Kasai County"
158,‰Í¼ŒSX•Ê‘º,"Sarabetsu Village, Kasai District"
159,L”öŒS‘å÷’¬,"Taiki-cho, Hiroo-gun"
160,L”öŒSL”ö’¬,"Hiroo Town, Hiroo County"
161,’†ìŒS–‹•Ê’¬,"Makubetsu Town, Nakagawa County"
162,’†ìŒS’r“c’¬,"Ikeda-cho, Nakagawa-gun"
163,’†ìŒS–L ’¬,"Toyokoro-cho, Nakagawa-gun"
164,’†ìŒS–{•Ê’¬,"Honbetsu Town, Nakagawa County"
165,‘«ŠñŒS‘«Šñ’¬,"Ashoro-cho, Ashoro-gun"
166,‘«ŠñŒS—¤•Ê’¬,"Rikubetsu Town, Ashoro County"
167,\ŸŒS‰Y–y’¬,"Urahoro Town, Tokachi District"
168,‹ú˜HŒS‹ú˜H’¬,"Kushiro Town, Kushiro County"
169,ŒúŠİŒSŒúŠİ’¬,"Akkeshi-cho, Akkeshi-gun"
170,ŒúŠİŒS•l’†’¬,"Hamanaka Town, Akkeshi District"
171,ìãŒS•W’ƒ’¬,"Shibecha-cho, Kawakami-gun"
172,ìãŒS’íq‹ü’¬,"Teshikaga-cho, Kawakami-gun"
173,ˆ¢Š¦ŒS’ß‹‘º,"Tsurui Village, Akan County"
174,”’fŒS”’f’¬,"Shiranuka Town, Shiranuka District"
175,–ì•tŒS•ÊŠC’¬,"Betsukai-cho, Notsuke-gun"
176,•W’ÃŒS’†•W’Ã’¬,"Nakashibetsu Town, Shibetsu County"
177,•W’ÃŒS•W’Ã’¬,"Shibetsu Town, Shibetsu County"
178,–Ú—œŒS—…‰P’¬,"Rausu Town, Menashi District"
179,ÂXs,Aomori City
180,O‘Os,Hirosaki City
181,”ªŒËs,Hachinohe City
182,•Îs,Kuroishi City
183,ŒÜŠìŒ´s,Goshogawara City
184,\˜a“cs,Towada City
185,O‘òs,Misawa City
186,‚Ş‚Âs,Mutsu City
187,‚Â‚ª‚és,Tsugaru City
188,•½ìs,Hirakawa City
189,“Œ’ÃŒyŒS•½“à’¬,"Hiranai-cho, Higashitsugaru-gun"
190,“Œ’ÃŒyŒS¡•Ê’¬,"Imabetsu Town, Higashitsugaru County"
191,“Œ’ÃŒyŒS–H“c‘º,"Yomogita Village, Higashitsugaru County"
192,“Œ’ÃŒyŒSŠOƒ–•l’¬,"Sotogahama Town, Higashitsugaru County"
193,¼’ÃŒyŒSéËƒ–‘ò’¬,"Ajigasawa Town, Nishitsugaru District"
194,¼’ÃŒyŒS[‰Y’¬,"Fukaura Town, Nishitsugaru County"
195,’†’ÃŒyŒS¼–Ú‰®‘º,"Nishimeya Village, Nakatsugaru County"
196,“ì’ÃŒyŒS“¡è’¬,"Fujisaki Town, Minamitsugaru County"
197,“ì’ÃŒyŒS‘å˜k’¬,"Owani Town, Minamitsugaru County"
198,“ì’ÃŒyŒS“cÉŠÙ‘º,"Inakadate Village, Minamitsugaru County"
199,–k’ÃŒyŒS”Â–ö’¬,"Itayanagi-cho, Kitatsugaru-gun"
200,–k’ÃŒyŒS’ß“c’¬,"Tsuruta Town, Kitatsugaru County"
201,–k’ÃŒyŒS’†”‘’¬,"Nakadomari Town, Kitatsugaru County"
202,ã–kŒS–ì•Ó’n’¬,"Noheji Town, Kamikita County"
203,ã–kŒSµŒË’¬,"Shichinohe Town, Kamikita County"
204,ã–kŒS˜ZŒË’¬,"Rokunohe Town, Kamikita County"
205,ã–kŒS‰¡•l’¬,"Yokohama Town, Kamikita District"
206,ã–kŒS“Œ–k’¬,"Tohoku-cho, Kamikita-gun"
207,ã–kŒS˜Zƒ–Š‘º,"Rokkasho Village, Kamikita County"
208,ã–kŒS‚¨‚¢‚ç‚¹’¬,"Oirase-cho, Kamikita-gun"
209,‰º–kŒS‘åŠÔ’¬,"Oma Town, Shimokita County"
210,‰º–kŒS“Œ’Ê‘º,"Higashidori Village, Shimokita County"
211,‰º–kŒS•—ŠÔ‰Y‘º,"Kazamaura Village, Shimokita County"
212,‰º–kŒS²ˆä‘º,"Sai Village, Shimokita County"
213,OŒËŒSOŒË’¬,"Sannohe-cho, Sannohe-gun"
214,OŒËŒSŒÜŒË’¬,"Gonohe Town, Sannohe County"
215,OŒËŒS“cq’¬,"Tago-cho, Sannohe-gun"
216,OŒËŒS“ì•”’¬,"Nanbu Town, Sannohe District"
217,OŒËŒSŠKã’¬,"Hashikami-cho, Sannohe-gun"
218,OŒËŒSV‹½‘º,"Shingo Village, Sannohe County"
219,·‰ªs,Morioka City
220,‹{ŒÃs,Miyako City
221,‘å‘D“ns,Ofunato City
222,‰ÔŠªs,Hanamaki
223,–kãs,Kitakami City
224,‹vœs,Kuji City
225,‰“–ìs,Tono City
226,ˆêŠÖs,Ichinoseki City
227,—¤‘O‚“cs,Rikuzentakata City
228,Š˜Îs,Kamaishi City
229,“ñŒËs,Ninohe City
230,”ª”¦•½s,Hachimantai City
231,‰œBs,Oshu City
232,ŠâèŒS´Î’¬,"Shizukuishi-cho, Iwate-gun"
233,ŠâèŒSŠ‹Šª’¬,"Kuzumaki Town, Iwate County"
234,ŠâèŒSŠâè’¬,"Iwate Town, Iwate County"
235,ŠâèŒS‘ê‘ò‘º,"Takizawa village, Iwate district"
236,‡”gŒS‡”g’¬,"Shiwa-cho, Shiwa-gun"
237,‡”gŒS–î‹Ğ’¬,"Yahaba-cho, Shiwa-gun"
238,˜a‰êŒS¼˜a‰ê’¬,"Nishiwaga Town, Waga County"
239,’_‘òŒS‹àƒPè’¬,"Kanegasaki Town, Isawa District"
240,¼”ÖˆäŒS•½ò’¬,"Hiraizumi Town, Nishiiwai County"
241,‹CåŒSZ“c’¬,"Sumita Town, Kesen County"
242,ã•ÂˆÉŒS‘å’Æ’¬,"Otsuchi-cho, Kamihei-gun"
243,‰º•ÂˆÉŒSR“c’¬,"Yamada Town, Shimohei District"
244,‰º•ÂˆÉŒSŠâò’¬,"Iwaizumi-cho, Shimohei-gun"
245,‰º•ÂˆÉŒS“c–ì”¨‘º,"Tanohata Village, Shimohei District"
246,‰º•ÂˆÉŒS•‘ã‘º,"Fudai Village, Shimohei District"
247,‹ãŒËŒSŒy•Ä’¬,"Karumai Town, Kunohe County"
248,‹ãŒËŒS–ì“c‘º,"Noda Village, Kunohe District"
249,‹ãŒËŒS‹ãŒË‘º,"Kunohe village, Kunohe district"
250,‹ãŒËŒS—m–ì’¬,"Hirono-cho, Kunohe-gun"
251,“ñŒËŒSˆêŒË’¬,"Ichinohe Town, Ninohe County"
252,å‘äs,Sendai city
253,ÎŠªs,Ishinomaki City
254,‰–â}s,Shiogama City
255,‹CåÀs,Kesennuma City
256,”’Îs,Shiroishi City
257,–¼æs,Natori City
258,Šp“cs,Kakuda City
259,‘½‰êés,Tagajo City
260,ŠâÀs,Iwanuma City
261,“o•Äs,Tome City
262,ŒIŒ´s,Kurihara City
263,“Œ¼“‡s,Higashimatsushima City
264,‘åès,Osaki City
265,Š “cŒS‘ ‰¤’¬,"Zao Town, Katta District"
266,Š “cŒSµƒ–h’¬,"Shichikashuku-cho, Katta-gun"
267,Ä“cŒS‘å‰ÍŒ´’¬,"Ogawara Town, Shibata County"
268,Ä“cŒS‘º“c’¬,"Murata Town, Shibata District"
269,Ä“cŒSÄ“c’¬,"Shibata Town, Shibata District"
270,Ä“cŒSìè’¬,"Kawasaki Town, Shibata District"
271,ˆÉ‹ïŒSŠÛX’¬,"Marumori Town, Igu District"
272,˜j—ŒS˜j—’¬,"Watari Town, Watari County"
273,˜j—ŒSRŒ³’¬,"Yamamoto Town, Watari District"
274,‹{éŒS¼“‡’¬,"Matsushima Town, Miyagi County"
275,‹{éŒSµƒ–•l’¬,"Shichigahama-cho, Miyagi-gun"
276,‹{éŒS—˜•{’¬,"Rifu Town, Miyagi County"
277,•ìŒS‘å˜a’¬,"Yamato Town, Kurokawa District"
278,•ìŒS‘å‹½’¬,"Osato Town, Kurokawa District"
279,•x’Js,Tomiya City
280,•ìŒS‘åt‘º,"Ohira Village, Kurokawa District"
281,‰Á”üŒSF–ƒ’¬,"Shikama-cho, Kami-gun"
282,‰Á”üŒS‰Á”ü’¬,"Kami-cho, Kami-gun"
283,‰““cŒS—O’J’¬,"Wakuya-cho, Toda-gun"
284,‰““cŒS”ü—¢’¬,"Misato Town, Toda District"
285,‰²­ŒS—ì’¬,"Onagawa-cho, Oshika-gun"
286,–{‹gŒS“ìO—¤’¬,"Minamisanriku-cho, Motoyoshi-gun"
287,H“cs,Akita City
288,”\‘ãs,Noshiro City
289,‰¡ès,Yokote City
290,‘åŠÙs,Odate
291,’j­s,Oga City
292,“’‘òs,Yuzawa City
293,­Šps,Kazuno
294,—R—˜–{‘‘s,Yurihonjo City
295,Šƒãs,Katagami City
296,‘åås,Daisen City
297,–kH“cs,Kitaakita City
298,‚É‚©‚Ùs,Nikaho City
299,å–ks,Semboku City
300,­ŠpŒS¬â’¬,"Kosaka Town, Kazuno District"
301,–kH“cŒSã¬ˆ¢m‘º,Kitaakita-gun Kamikoani Village
302,R–{ŒS“¡—¢’¬,"Fujisato Town, Yamamoto County"
303,R–{ŒSOí’¬,"Mitane-cho, Yamamoto-gun"
304,R–{ŒS”ª•ô’¬,"Happo-cho, Yamamoto-gun"
305,“ìH“cŒSŒÜé–Ú’¬,"Gojome Town, Minamiakita District"
306,“ìH“cŒS”ª˜YŠƒ’¬,"Hachirogata Town, Minamiakita District"
307,“ìH“cŒSˆäì’¬,"Ikawa-cho, Minamiakita-gun"
308,“ìH“cŒS‘åŠƒ‘º,"Ogata Village, Minamiakita County"
309,å–kŒS”ü‹½’¬,"Misato-cho, Senboku-gun"
310,—YŸŒS‰HŒã’¬,"Ugo Town, Ogatsu District"
311,—YŸŒS“Œ¬£‘º,"Higashinaruse Village, Ogatsu-gun"
312,RŒ`s,Yamagata City
313,•Ä‘òs,Yonezawa City
314,’ß‰ªs,Tsuruoka City
315,ğ“cs,Sakata City
316,V¯s,Shinjo City
317,Š¦‰Í]s,Sagae City
318,ãRs,Kaminoyama
319,‘ºRs,Murayama City
320,’·ˆäs,Nagai City
321,“V“¶s,Tendo City
322,“Œªs,Higashine City
323,”ö‰Ô‘òs,Obanazawa City
324,“ì—zs,Nanyo City
325,“Œ‘ºRŒSR•Ó’¬,"Yamabe Town, Higashimurayama District"
326,“Œ‘ºRŒS’†R’¬,"Nakayama-cho, Higashimurayama-gun"
327,¼‘ºRŒS‰Í–k’¬,"Kahoku Town, Nishimurayama District"
328,¼‘ºRŒS¼ì’¬,"Nishikawa Town, Nishimurayama District"
329,¼‘ºRŒS’©“ú’¬,"Asahi Town, Nishimurayama District"
330,¼‘ºRŒS‘å]’¬,"Oe Town, Nishimurayama District"
331,–k‘ºRŒS‘åÎ“c’¬,"Oishida Town, Kitamurayama District"
332,ÅãŒS‹àR’¬,"Kaneyama-cho, Mogami-gun"
333,ÅãŒSÅã’¬,"Mogami-cho, Mogami-gun"
334,ÅãŒSMŒ`’¬,"Funagata-cho, Mogami-gun"
335,ÅãŒS^ºì’¬,"Mamurogawa-cho, Mogami-gun"
336,ÅãŒS‘å‘ ‘º,"Okura Village, Mogami County"
337,ÅãŒSøì‘º,"Sakegawa-mura, Mogami-gun"
338,ÅãŒSŒË‘ò‘º,"Tozawa Village, Mogami County"
339,“Œ’u’ŒS‚”©’¬,"Takahata-cho, Higashiokitama-gun"
340,“Œ’u’ŒSì¼’¬,"Kawanishi-cho, Higashiokitama-gun"
341,¼’u’ŒS¬‘’¬,"Oguni Town, Nishiokitama County"
342,¼’u’ŒS”’‘é’¬,"Shirataka-cho, Nishiokitama-gun"
343,¼’u’ŒS”Ñ–L’¬,"Iide-machi, Nishiokitama-gun"
344,“Œ“cìŒSOì’¬,"Mikawa-cho, Higashitagawa-gun"
345,“Œ“cìŒS¯“à’¬,"Shonai-cho, Higashitagawa-gun"
346,–OŠCŒS—V²’¬,"Yuza Town, Akumi County"
347,•Ÿ“‡s,Fukushima City
348,‰ï’Ãá¼s,Aizuwakamatsu City
349,ŒSRs,Koriyama City
350,‚¢‚í‚«s,Iwaki City
351,”’‰Ís,Shirakawa City
352,{‰êìs,Sukagawa City
353,Šì‘½•ûs,Kitakata City
354,‘Š”ns,Soma City
355,“ñ–{¼s,Nihonmatsu City
356,“c‘ºs,Tamura City
357,“ì‘Š”ns,Minamisoma City
358,ˆÉ’Bs,Date City
359,–{‹{s,Motomiya City
360,ˆÉ’BŒSŒKÜ’¬,"Koori Town, Date District"
361,ˆÉ’BŒS‘Œ©’¬,"Kunimi Town, Date County"
362,ˆÉ’BŒSì–“’¬,"Kawamata Town, Date District"
363,ˆÀ’BŒS‘å‹Ê‘º,"Otama Village, Adachi County"
364,Šâ£ŒS‹¾Î’¬,"Kagamiishi-cho, Iwase-gun"
365,Šâ£ŒS“V‰h‘º,"Tenei Village, Iwase County"
366,“ì‰ï’ÃŒS‰º‹½’¬,"Shimogo Town, Minamiaizu County"
367,“ì‰ï’ÃŒSw}Šò‘º,"Hinoemata Village, Minamiaizu District"
368,“ì‰ï’ÃŒS‘üŒ©’¬,"Tadami Town, Minamiaizu County"
369,“ì‰ï’ÃŒS“ì‰ï’Ã’¬,"Minamiaizu Town, Minamiaizu County"
370,–ë–ƒŒS–k‰–Œ´‘º,"Kitashiobara Village, Yama District"
371,–ë–ƒŒS¼‰ï’Ã’¬,Yama-gun Nishiaizu Town
372,–ë–ƒŒS”Ö’ò’¬,"Bandai Town, Yama District"
373,–ë–ƒŒS’–•c‘ã’¬,"Inawashiro Town, Yama District"
374,‰ÍÀŒS‰ï’Ãâ‰º’¬,"Aizusakashita-cho, Kawanuma-gun"
375,‰ÍÀŒS“’ì‘º,"Yukawa Village, Kawanuma District"
376,‰ÍÀŒS–ö’Ã’¬,"Yanaizu Town, Kawanuma County"
377,‘åÀŒSO“‡’¬,"Mishima Town, Onuma County"
378,‘åÀŒS‹àR’¬,"Kaneyama Town, Onuma County"
379,‘åÀŒSº˜a‘º,"Showa-mura, Onuma-gun"
380,‘åÀŒS‰ï’Ã”ü—¢’¬,"Aizumisato Town, Onuma County"
381,¼”’‰ÍŒS¼‹½‘º,"Nishigo Village, Nishishirakawa County"
382,¼”’‰ÍŒSòè‘º,"Izumizaki Village, Nishishirakawa County"
383,¼”’‰ÍŒS’†“‡‘º,"Nakajima Village, Nishishirakawa County"
384,¼”’‰ÍŒS–î’¬,"Yabuki Town, Nishishirakawa County"
385,“Œ”’ìŒS’I‘q’¬,"Tanagura Town, Higashishirakawa County"
386,“Œ”’ìŒS–îÕ’¬,"Yamatsuri-cho, Higashishirakawa-gun"
387,“Œ”’ìŒS”·’¬,"Hanawa Town, Higashishirakawa County"
388,“Œ”’ìŒSLì‘º,"Samegawa Village, Higashishirakawa County"
389,ÎìŒSÎì’¬,"Ishikawa Town, Ishikawa District"
390,ÎìŒS‹Êì‘º,"Tamagawa Village, Ishikawa County"
391,ÎìŒS•½“c‘º,"Hirata Village, Ishikawa County"
392,ÎìŒSóì’¬,"Asakawa Town, Ishikawa County"
393,ÎìŒSŒÃ“a’¬,"Furudono Town, Ishikawa District"
394,“c‘ºŒSOt’¬,"Miharu Town, Tamura District"
395,“c‘ºŒS¬–ì’¬,"Ono Town, Tamura District"
396,‘o—tŒSL–ì’¬,"Hirono Town, Futaba County"
397,‘o—tŒS“è—t’¬,"Naraha Town, Futaba County"
398,‘o—tŒS•x‰ª’¬,"Tomioka Town, Futaba District"
399,‘o—tŒSì“à‘º,"Kawauchi Village, Futaba District"
400,‘o—tŒS‘åŒF’¬,"Okuma Town, Futaba District"
401,‘o—tŒS‘o—t’¬,"Futaba Town, Futaba District"
402,‘o—tŒS˜Q]’¬,"Namie Town, Futaba County"
403,‘o—tŒSŠ‹”ö‘º,"Katsurao Village, Futaba District"
404,‘Š”nŒSV’n’¬,"Shinchi Town, Soma County"
405,‘Š”nŒS”ÑŠÚ‘º,"Iitate Village, Soma County"
406,…ŒËs,Mito City
407,“ú—§s,Hitachi City
408,“y‰Ys,Tsuchiura City
409,ŒÃ‰Ís,Koga City
410,Î‰ªs,Ishioka City
411,Œ‹és,Yuki City
412,—´ƒPès,Ryugasaki City
413,‰ºÈs,Shimotsuma City
414,í‘s,Joso City
415,í—¤‘¾“cs,Hitachiota City
416,‚”‹s,Takahagi City
417,–kˆïés,Kitaibaraki City
418,Š}ŠÔs,Kasama City
419,æès,Toride City
420,‹‹vs,Ushiku
421,‚Â‚­‚Îs,Tsukuba City
422,‚Ğ‚½‚¿‚È‚©s,Hitachinaka City
423,­“ˆs,Kashima City
424,’ª—ˆs,Itako City
425,ç’Js,Moriya City
426,í—¤‘å‹{s,Hitachiomiya City
427,“ß‰Ïs,Naka City
428,’}¼s,Chikusei City
429,â“Œs,Bando City
430,ˆî•~s,Inashiki
431,‚©‚·‚İ‚ª‚¤‚çs,Kasumigaura City
432,÷ìs,Sakuragawa
433,_²s,Kamisu City
434,s•ûs,Namegata City
435,–g“cs,Hokota City
436,‚Â‚­‚Î‚İ‚ç‚¢s,Tsukubamirai City
437,¬”ü‹Ês,Omitama City
438,“ŒˆïéŒSˆïé’¬,"Ibaraki Town, Higashiibaraki County"
439,“ŒˆïéŒS‘åô’¬,"Oarai Town, Higashiibaraki County"
440,“ŒˆïéŒSé—¢’¬,"Shirosato Town, Higashiibaraki County"
441,“ß‰ÏŒS“ŒŠC‘º,"Tokai-mura, Naka-gun"
442,‹vœŒS‘åq’¬,"Daigo Town, Kuji County"
443,ˆî•~ŒS”ü‰Y‘º,"Miura Village, Inashiki District"
444,ˆî•~ŒSˆ¢Œ©’¬,"Ami Town, Inashiki County"
445,ˆî•~ŒS‰Í“à’¬,"Kawachi Town, Inashiki District"
446,Œ‹éŒS”ªç‘ã’¬,"Yachiyo Town, Yuki District"
447,‰“‡ŒSŒÜ‰à’¬,"Goka Town, Sashima District"
448,‰“‡ŒS‹«’¬,"Sakaimachi, Sashima District"
449,–k‘Š”nŒS—˜ª’¬,"Tone Town, Kitasoma County"
450,‰F“s‹{s,Utsunomiya City
451,‘«—˜s,Ashikaga
452,“È–Øs,Tochigi City
453,²–ìs,Sano City
454,­Às,Kanuma City
455,“úŒõs,Nikko City
456,¬Rs,Oyama City
457,^‰ªs,Moka City
458,‘å“cŒ´s,Otawara City
459,–î”Âs,Yaita City
460,“ß{‰–Œ´s,Nasushiobara City
461,‚³‚­‚çs,Sakura City
462,“ß{‰GRs,Nasukarasuyama City
463,‰º–ìs,Shimotsuke City
464,‰Í“àŒSãOì’¬,"Kamimikawa-cho, Kawachi-gun"
465,–F‰êŒS‰vq’¬,"Mashiko Town, Haga County"
466,–F‰êŒS–Î–Ø’¬,"Motegi Town, Haga District"
467,–F‰êŒSsŠL’¬,"Ichikai-cho, Haga-gun"
468,–F‰êŒS–F‰ê’¬,"Haga Town, Haga District"
469,‰º“s‰êŒSp¶’¬,"Mibu Town, Shimotsuga District"
470,‰º“s‰êŒS–ì–Ø’¬,"Nogi Town, Shimotsuga District"
471,,"Shioya Town, Shioya District"
472,‰–’JŒS‰–’J’¬,"Takanezawa Town, Shioya District"
473,‰–’JŒS‚ª‘ò’¬,"Nasu Town, Nasu County"
474,“ß{ŒS“ß{’¬,"Nakagawa Town, Nasu County"
475,“ß{ŒS“ß‰Ïì’¬,Maebashi City
476,‘O‹´s,Takasaki City
477,‚ès,Kiryu City
478,‹Ë¶s,Isesaki City
479,ˆÉ¨ès,Ota City
480,‘¾“cs,Numata City
481,À“cs,Tatebayashi
482,ŠÙ—Ñs,Shibukawa City
483,aìs,Fujioka City
484,“¡‰ªs,Tomioka City
485,•x‰ªs,Annaka City
486,ˆÀ’†s,Midori City
487,‚İ‚Ç‚ès,Kitagunma-gun Shinto Village
488,–kŒQ”nŒSY“Œ‘º,"Yoshioka-cho, Kitagunma-gun"
489,–kŒQ”nŒS‹g‰ª’¬,"Ueno Village, Tano District"
490,‘½–ìŒSã–ì‘º,"Kanna-cho, Tano-gun"
491,‘½–ìŒS_—¬’¬,"Shimonita Town, Kanra District"
492,ŠÃŠyŒS‰ºm“c’¬,"Minamimaki Village, Kanra District"
493,ŠÃŠyŒS“ì–q‘º,"Kanra-cho, Kanra-gun"
494,ŠÃŠyŒSŠÃŠy’¬,"Nakanojo Town, Agatsuma County"
495,ŒáÈŒS’†”Vğ’¬,"Naganohara Town, Agatsuma County"
496,ŒáÈŒS’·–ìŒ´’¬,"Tsumagoi Village, Agatsuma District"
497,ŒáÈŒS’Ú—ö‘º,"Kusatsu Town, Agatsuma District"
498,ŒáÈŒS‘’Ã’¬,Agatsuma-gun Takayama Village
499,ŒáÈŒS‚R‘º,Agatsuma-gun Higashiagatsuma-cho
500,ŒáÈŒS“ŒŒáÈ’¬,"Katashina Village, Tone District"
501,—˜ªŒS•Ğ•i‘º,"Kawaba Village, Tone District"
502,—˜ªŒSìê‘º,"Showa Village, Tone District"
503,—˜ªŒSº˜a‘º,"Minakami Town, Tone District"
504,—˜ªŒS‚İ‚È‚©‚İ’¬,"Tamamura-cho, Sawa-gun"
505,²”gŒS‹Ê‘º’¬,"Itakura Town, Oura District"
506,—WŠyŒS”Â‘q’¬,"Meiwa Town, Oura District"
507,—WŠyŒS–¾˜a’¬,"Chiyoda Town, Oura District"
508,—WŠyŒSç‘ã“c’¬,"Oizumi Town, Oura District"
509,—WŠyŒS‘åò’¬,"Oura-cho, Oura-gun"
510,—WŠyŒS—WŠy’¬,Saitama City
511,‚³‚¢‚½‚Üs,Kawagoe City
512,ì‰zs,Kumagaya City
513,ŒF’Js,Kawaguchi city
514,ìŒûs,Gyoda City
515,s“cs,Chichibu City
516,’•ƒs,Tokorozawa City
517,Š‘òs,Hanno City
518,”Ñ”\s,Kazo City
519,‰Á{s,Honjo City
520,–{¯s,Higashimatsuyama City
521,“Œ¼Rs,Kasukabe City
522,t“ú•”s,Sayama City
523,‹·Rs,Hanyu City
524,‰H¶s,Konosu City
525,ƒ‘ƒs,Fukaya City
526,[’Js,Ageo City
527,ã”ös,Soka
528,‘‰Ás,Koshigaya City
529,‰z’Js,Warabi City
530,˜ns,Toda City
531,ŒË“cs,Iruma City
532,“üŠÔs,Asaka City
533,’©‰às,Shiki
534,u–Øs,Wako city
535,˜aŒõs,Niiza city
536,VÀs,Okegawa City
537,‰±ìs,Kuki City
538,‹vŠìs,Kitamoto City
539,–k–{s,Yashio City
540,”ª’ªs,Fujimi City
541,•xmŒ©s,Misato City
542,O‹½s,Hasuda City
543,˜@“cs,Sakado City
544,âŒËs,Satte City
545,Kès,Tsurugashima City
546,’ßƒ–“‡s,Hidaka
547,“ú‚s,Yoshikawa City
548,‹gìs,Fujimino City
549,‚Ó‚¶‚İ–ìs,Shiraoka City
550,”’‰ªs,"Ina Town, Kitaadachi District"
551,–k‘«—§ŒSˆÉ“Ş’¬,"Miyoshi Town, Iruma District"
552,“üŠÔŒSO–F’¬,"Moroyama Town, Iruma District"
553,“üŠÔŒS–Ñ˜CR’¬,"Ogose-cho, Iruma-gun"
554,“üŠÔŒS‰z¶’¬,"Namerikawa-cho, Hiki-gun"
555,”äŠéŒSŠŠì’¬,"Arashiyama-cho, Hiki-gun"
556,”äŠéŒS—’R’¬,"Ogawa-machi, Hiki-gun"
557,”äŠéŒS¬ì’¬,"Kawashima-cho, Hiki-gun"
558,”äŠéŒSì“‡’¬,"Yoshimi-cho, Hiki-gun"
559,”äŠéŒS‹gŒ©’¬,"Hatoyama-cho, Hiki-gun"
560,”äŠéŒS”µR’¬,"Tokigawa-cho, Hiki-gun"
561,”äŠéŒS‚Æ‚«‚ª‚í’¬,"Yokoze Town, Chichibu District"
562,’•ƒŒS‰¡£’¬,"Minano Town, Chichibu County"
563,’•ƒŒSŠF–ì’¬,"Nagatoro Town, Chichibu County"
564,’•ƒŒS’·“Ò’¬,"Ogano Town, Chichibu District"
565,’•ƒŒS¬­–ì’¬,"Higashi Chichibu Village, Chichibu District"
566,’•ƒŒS“Œ’•ƒ‘º,"Misato Town, Kodama District"
567,™‹ÊŒS”ü—¢’¬,"Kamigawa Town, Kodama District"
568,™‹ÊŒS_ì’¬,"Kamisato Town, Kodama County"
569,™‹ÊŒSã—¢’¬,"Yorii Town, Osato County"
570,‘å—¢ŒSŠñ‹’¬,"Miyashiro-cho, Minamisaitama-gun"
571,“ìé‹ÊŒS‹{‘ã’¬,"Sugito Town, Kitakatsushika District"
572,–kŠ‹üŒS™ŒË’¬,"Matsubushi-cho, Kitakatsushika-gun"
573,–kŠ‹üŒS¼•š’¬,Chiba
574,ç—ts,Choshi City
575,’¶qs,Ichikawa City
576,sìs,Funabashi City
577,‘D‹´s,Tateyama
578,ŠÙRs,Kisarazu City
579,–ØX’Ãs,Matsudo City
580,¼ŒËs,Noda City
581,–ì“cs,Mobara City
582,–ÎŒ´s,Narita City
583,¬“cs,Sakura City
584,²‘qs,Togane City
585,“Œ‹às,Asahi City
586,ˆ®s,Narashino City
587,Ku–ìs,Kashiwa City
588,”s,Katsuura City
589,Ÿ‰Ys,Ichihara City
590,sŒ´s,Nagareyama City
591,—¬Rs,Yachiyo City
592,”ªç‘ãs,Abiko City
593,‰ä‘·qs,Kamogawa City
594,Š›ìs,Kamagaya City
595,Š™ƒP’Js,Kimitsu City
596,ŒN’Ãs,Futtsu City
597,•x’Ãs,Urayasu
598,‰YˆÀs,Yotsukaido City
599,lŠX“¹s,Sodegaura City
600,‘³ƒP‰Ys,Yachimata City
601,”ªŠXs,Inzai City
602,ˆó¼s,Shiroi City
603,”’ˆäs,Tomisato City
604,•x—¢s,Minamiboso City
605,“ì–[‘s,Sosa City
606,‘xºs,Katori City
607,æs,Sanmu City
608,R•s,Isumi City
609,‚¢‚·‚İs,Oamishirasato City
610,‘å–Ô”’—¢s,"Shisui Town, Inba District"
611,ˆó×ŒSğXˆä’¬,"Sakae-cho, Inba-gun"
612,ˆó×ŒS‰h’¬,"Kanzaki Town, Katori District"
613,æŒS_è’¬,"Tako Town, Katori District"
614,æŒS‘½ŒÃ’¬,"Tosho Town, Katori District"
615,æŒS“Œ¯’¬,"Kujukuri-machi, Sanmu-gun"
616,R•ŒS‹ã\‹ã—¢’¬,"Shibayama-cho, Sanmu-gun"
617,R•ŒSÅR’¬,"Yokoshibahikari-cho, Sanbu-gun"
618,R•ŒS‰¡ÅŒõ’¬,"Ichinomiya Town, Chosei District"
619,’·¶ŒSˆê‹{’¬,"Mutsuzawa Town, Chosei District"
620,’·¶ŒS–r‘ò’¬,"Chosei Village, Chosei District"
621,’·¶ŒS’·¶‘º,"Shirako Town, Chosei District"
622,’·¶ŒS”’q’¬,"Nagara-cho, Chosei-gun"
623,’·¶ŒS’·•¿’¬,"Chonan-cho, Chosei-gun"
624,’·¶ŒS’·“ì’¬,"Otaki Town, Isumi County"
625,ˆÎ‹÷ŒS‘å‘½Šì’¬,"Onjuku-cho, Isumi-gun"
626,ˆÎ‹÷ŒSŒäh’¬,"Kyonan Town, Awa District"
627,ˆÀ–[ŒS‹˜“ì’¬,Chiyoda Ward
628,ç‘ã“c‹æ,Chuo-ku
629,’†‰›‹æ,Minato-ku
630,`‹æ,Shinjuku ward
631,Vh‹æ,Bunkyo Ward
632,•¶‹‹æ,Taito
633,‘ä“Œ‹æ,Sumida Ward
634,–n“c‹æ,Koto Ward
635,]“Œ‹æ,Shinagawa Ward
636,•iì‹æ,Meguro
637,–Ú•‹æ,Ota-ku
638,‘å“c‹æ,Setagaya
639,¢“c’J‹æ,Shibuya Ward
640,a’J‹æ,Nakano
641,’†–ì‹æ,Suginami
642,™•À‹æ,Toshima ward
643,–L“‡‹æ,Kita Ward
644,–k‹æ,Arakawa
645,rì‹æ,Itabashi Ward
646,”Â‹´‹æ,Nerima Ward
647,—û”n‹æ,Adachi Ward
648,‘«—§‹æ,Katsushika
649,Š‹ü‹æ,Edogawa Ward
650,]ŒËì‹æ,Hachioji City
651,”ª‰¤qs,Tachikawa City
652,—§ìs,Musashino
653,•‘ –ìs,Mitaka City
654,O‘és,Ome City
655,Â”~s,Fuchu City
656,•{’†s,Akishima City
657,º“‡s,Chofu City
658,’²•zs,Machida City
659,’¬“cs,Koganei City
660,¬‹àˆäs,Kodaira City
661,¬•½s,Hino city
662,“ú–ìs,Higashimurayama City
663,“Œ‘ºRs,Kokubunji City
664,‘•ª›s,Kunitachi
665,‘—§s,Fussa City
666,•Ÿ¶s,Komae City
667,]s,Higashiyamato City
668,“Œ‘å˜as,Kiyose City
669,´£s,Higashikurume City
670,“Œ‹v—¯•Äs,Musashimurayama City
671,•‘ ‘ºRs,Tama City
672,‘½–€s,Inagi City
673,ˆîés,Hamura City
674,‰H‘ºs,Akiruno City
675,‚ ‚«‚é–ìs,Nishitokyo City
676,¼“Œ‹s,"Mizuho Town, Nishitama District"
677,¼‘½–€ŒS•ä’¬,"Hinode-cho, Nishitama-gun"
678,¼‘½–€ŒS“ú‚Ìo’¬,"Hinohara Village, Nishitama District"
679,¼‘½–€ŒSwŒ´‘º,"Okutama Town, Nishitama District"
680,¼‘½–€ŒS‰œ‘½–€’¬,Oshima Town
681,‘å“‡’¬,Toshima Village
682,—˜“‡‘º,Niijima Village
683,V“‡‘º,Kozushima Village
684,_’Ã“‡‘º,Miyakejima Miyake Village
685,O‘î“‡@O‘î‘º,Mikurashima Village
686,Œä‘ “‡‘º,Hachijojima Hachijomachi
687,”ªä“‡@”ªä’¬,Aogashima Village
688,Âƒ–“‡‘º,Ogasawara Village
689,¬Š}Œ´‘º,Yokohama City
690,‰¡•ls,Kawasaki City
691,ìès,Sagamihara City
692,‘Š–ÍŒ´s,Yokosuka City
693,‰¡{‰ês,Hiratsuka
694,•½’Ës,Kamakura city
695,Š™‘qs,Fujisawa City
696,“¡‘òs,Odawara city
697,¬“cŒ´s,Chigasaki City
698,Šƒ–ès,Zushi City
699,€qs,Miura City
700,O‰Ys,Hadano City
701,`–ìs,Atsugi City
702,Œú–Øs,Yamato City
703,‘å˜as,Isehara City
704,ˆÉ¨Œ´s,Ebina City
705,ŠC˜V–¼s,Zama City
706,ÀŠÔs,Minamiashigara City
707,“ì‘«•¿s,Ayase City
708,ˆ»£s,"Hayama Town, Miura District"
709,O‰YŒS—tR’¬,"Samukawa-cho, Koza-gun"
710,‚ÀŒSŠ¦ì’¬,"Oiso-cho, Naka-gun"
711,’†ŒS‘åˆé’¬,"Ninomiya Town, Nakagun"
712,’†ŒS“ñ‹{’¬,"Nakai-machi, Ashigarakami-gun"
713,‘«•¿ãŒS’†ˆä’¬,"Oi-machi, Ashigarakami-gun"
714,‘«•¿ãŒS‘åˆä’¬,"Matsuda Town, Ashigarakami County"
715,‘«•¿ãŒS¼“c’¬,"Yamakita Town, Ashigarakami District"
716,‘«•¿ãŒSR–k’¬,"Kaisei Town, Ashigarakami District"
717,‘«•¿ãŒSŠJ¬’¬,"Hakone Town, Ashigarashimo District"
718,‘«•¿‰ºŒS” ª’¬,"Manazuru Town, Ashigarashimo District"
719,‘«•¿‰ºŒS^’ß’¬,"Yugawara Town, Ashigarashimo District"
720,‘«•¿‰ºŒS“’‰ÍŒ´’¬,"Aikawa-cho, Aiko-gun"
721,ˆ¤bŒSˆ¤ì’¬,"Kiyokawa village, Aiko-gun"
722,ˆ¤bŒS´ì‘º,Niigata City
723,VŠƒs,Nagaoka City
724,’·‰ªs,Sanjo City
725,Oğs,Kashiwazaki City
726,”ès,Shibata City
727,V”­“cs,Ojiya City
728,¬ç’Js,Kamo City
729,‰Á–Îs,Tokamachi City
730,\“ú’¬s,Mitsuke City
731,Œ©•s,Murakami City
732,‘ºãs,Tsubame City
733,‰s,Itoigawa City
734,…‹›ìs,Myoko City
735,–­‚s,Gosen City
736,ŒÜòs,Joetsu City
737,ã‰zs,Agano City
738,ˆ¢‰ê–ìs,Sado City
739,²“ns,Uonuma City
740,‹›Às,Minamiuonuma City
741,“ì‹›Às,Tainai City
742,‘Ù“às,"Seiro-cho, Kitakambara-gun"
743,–kŠ—Œ´ŒS¹âÄ’¬,"Yahiko Village, Nishikanbara District"
744,¼Š—Œ´ŒS–í•F‘º,"Tagami-cho, Minamikanbara-gun"
745,“ìŠ—Œ´ŒS“cã’¬,"Aga Town, Higashikanbara District"
746,“ŒŠ—Œ´ŒSˆ¢‰ê’¬,"Izumozaki Town, Mishima District"
747,O“‡ŒSo‰_è’¬,"Yuzawa Town, Minamiuonuma District"
748,“ì‹›ÀŒS“’‘ò’¬,"Tsunan Town, Nakauonuma District"
749,’†‹›ÀŒS’Ã“ì’¬,"Kariwa Village, Kariwa District"
750,Š ‰HŒSŠ ‰H‘º,"Sekikawa Village, Iwafune County"
751,Šâ‘DŒSŠÖì‘º,"Awashimaura Village, Iwafune District"
752,Šâ‘DŒSˆ¾“‡‰Y‘º,Toyama City
753,•xRs,Takaoka City
754,‚‰ªs,Uozu City
755,‹›’Ãs,Himi City
756,•XŒ©s,Namerikawa
757,ŠŠìs,Kurobe City
758,••”s,Tonami City
759,“v”gs,Oyabe City
760,¬–î•”s,Nanto City
761,“ì“vs,Imizu City
762,Ë…s,"Funahashi Village, Nakaniikawa County"
763,’†VìŒSM‹´‘º,"Kamiichi Town, Nakaniikawa County"
764,’†VìŒSãs’¬,"Tateyama-cho, Nakaniikawa-gun"
765,’†VìŒS—§R’¬,"Nyuzen-cho, Shimoniikawa-gun"
766,‰ºVìŒS“ü‘P’¬,"Asahi Town, Shimoniikawa District"
767,‰ºVìŒS’©“ú’¬,Kanazawa
768,‹à‘òs,Nanao City
769,µ”ös,Komatsu City
770,¬¼s,Wajima City
771,—Ö“‡s,Suzu City
772,ìFs,Kaga City
773,‰Á‰ês,Hakui City
774,‰Hîs,Kahoku City
775,‚©‚Ù‚­s,Hakusan City
776,”’Rs,Nomi City
777,”\”üs,Nonoichi City
778,–ìXss,"Kawakita Town, Nomi County"
779,”\”üŒSì–k’¬,"Tsubata Town, Kahoku District"
780,‰Í–kŒS’Ã”¦’¬,"Uchinada Town, Kahoku County"
781,‰Í–kŒS“à“å’¬,"Shika Town, Hakui District"
782,‰HîŒSu‰ê’¬,"Houdatsushimizu Town, Hakui District"
783,‰HîŒS•ó’Bu…’¬,"Nakanoto Town, Kashima County"
784,­“‡ŒS’†”\“o’¬,"Anamizu-cho, Hoshu-gun"
785,–PìŒSŒŠ…’¬,"Noto-cho, Hoshu-gun"
786,–PìŒS”\“o’¬,Fukui City
787,•Ÿˆäs,Tsuruga City
788,“Ö‰ês,Obama City
789,¬•ls,Ono City
790,‘å–ìs,Katsuyama City
791,ŸRs,Sabae City
792,I]s,Awara City
793,‚ ‚í‚çs,Echizen City
794,‰z‘Os,Sakai City
795,âˆäs,"Eiheiji Town, Yoshida District"
796,‹g“cŒS‰i•½›’¬,"Ikeda Town, Imadate County"
797,¡—§ŒS’r“c’¬,"Minami Echizen-cho, Nanjo-gun"
798,“ìğŒS“ì‰z‘O’¬,"Echizen-cho, Nyu-gun"
799,’O¶ŒS‰z‘O’¬,"Mihama-cho, Mikata-gun"
800,O•ûŒS”ü•l’¬,"Takahama-cho, Oi-gun"
801,‘å”ÑŒS‚•l’¬,"Oi Town, Oi District"
802,‘å”ÑŒS‚¨‚¨‚¢’¬,"Wakasa-cho, Kaminaka-gun, Mikata"
803,O•ûã’†ŒSá‹·’¬,Kofu City
804,b•{s,Fujiyoshida City
805,•xm‹g“cs,Tsuru City
806,“s—¯s,Yamanashi City
807,R—œs,Otsuki City
808,‘åŒs,Nirasaki City
809,”Bès,Minami Alps City
810,“ìƒAƒ‹ƒvƒXs,Hokuto City
811,–k“ms,Kai City
812,b”ãs,Fuefuki City
813,“Js,Uenohara City
814,ã–ìŒ´s,Koshu City
815,bBs,Chuo City
816,’†‰›s,"Ichikawamisato-cho, Nishiyatsushiro-gun"
817,¼”ª‘ãŒSsìO‹½’¬,"Hayakawa-cho, Minamikoma-gun"
818,“ì‹–€ŒS‘ì’¬,"Minobu-cho, Minamikoma-gun"
819,“ì‹–€ŒSg‰„’¬,"Nanbu-cho, Minamikoma-gun"
820,“ì‹–€ŒS“ì•”’¬,"Fujikawa-cho, Minamikoma-gun"
821,“ì‹–€ŒS•xmì’¬,"Showa-cho, Nakakoma-gun"
822,’†‹–€ŒSº˜a’¬,"Doshi Village, Minamitsuru District"
823,“ì“s—¯ŒS“¹u‘º,"Nishikatsura-cho, Minamitsuru-gun"
824,“ì“s—¯ŒS¼Œj’¬,"Oshino Village, Minamitsuru District"
825,“ì“s—¯ŒS”E–ì‘º,"Yamanakako Village, Minamitsuru District"
826,“ì“s—¯ŒSR’†ŒÎ‘º,"Narusawa Village, Minamitsuru District"
827,“ì“s—¯ŒS–Â‘ò‘º,"Fujikawaguchiko Town, Minamitsuru District"
828,“ì“s—¯ŒS•xm‰ÍŒûŒÎ’¬,"Kosuge Village, Kitatsuru District"
829,–k“s—¯ŒS¬›‘º,"Tanbayama Village, Kitatsuru District"
830,–k“s—¯ŒS’O”gR‘º,Nagano city
831,’·–ìs,Matsumoto
832,¼–{s,Ueda City
833,ã“cs,Okaya City
834,‰ª’Js,Iida City
835,”Ñ“cs,Suwa City
836,z–Ks,Suzaka
837,{âs,Komoro City
838,¬”s,Ina City
839,ˆÉ“ßs,Komagane City
840,‹îƒ–ªs,Nakano City
841,’†–ìs,Omachi City
842,‘å’¬s,Iiyama City
843,”ÑRs,Chino City
844,Š–ìs,Shiojiri City
845,‰–Ks,Saku City
846,²‹vs,Chikuma City
847,ç‹Ès,Tomi City
848,“ŒŒäs,Azumino
849,ˆÀ“Ü–ìs,"Koumi Town, Minamisaku County"
850,“ì²‹vŒS¬ŠC’¬,"Kawakami Village, Minamisaku District"
851,“ì²‹vŒSìã‘º,"Minamimaki Village, Minamisaku County"
852,“ì²‹vŒS“ì–q‘º,"Minamiaiki-mura, Minamisaku-gun"
853,“ì²‹vŒS“ì‘Š–Ø‘º,"Kitaaiki Village, Minamisaku District"
854,“ì²‹vŒS–k‘Š–Ø‘º,"Sakuho Town, Minamisaku County"
855,“ì²‹vŒS²‹v•ä’¬,"Karuizawa Town, Kitasaku District"
856,–k²‹vŒSŒyˆä‘ò’¬,"Miyota-cho, Kitasaku-gun"
857,–k²‹vŒSŒä‘ã“c’¬,"Tateshina Town, Kitasaku County"
858,–k²‹vŒS—§‰È’¬,Ogata-gun Aoki Village
859,¬Œ§ŒSÂ–Ø‘º,"Nagawa-cho, Ogata-gun"
860,¬Œ§ŒS’·˜a’¬,"Shimosuwa Town, Suwa District"
861,z–KŒS‰ºz–K’¬,"Fujimi Town, Suwa District"
862,z–KŒS•xmŒ©’¬,"Hara Village, Suwa District"
863,z–KŒSŒ´‘º,"Tatsuno Town, Kamiina County"
864,ãˆÉ“ßŒS’C–ì’¬,"Minowa Town, Kamiina District"
865,ãˆÉ“ßŒS–¥—Ö’¬,"Iijima Town, Kamiina County"
866,ãˆÉ“ßŒS”Ñ“‡’¬,"Minamiminowa Village, Kamiina County"
867,ãˆÉ“ßŒS“ì–¥—Ö‘º,"Nakagawa Village, Kamiina County"
868,ãˆÉ“ßŒS’†ì‘º,"Miyata Village, Kamiina County"
869,ãˆÉ“ßŒS‹{“c‘º,"Matsukawa Town, Shimoina County"
870,‰ºˆÉ“ßŒS¼ì’¬,"Takamori Town, Shimoina County"
871,‰ºˆÉ“ßŒS‚X’¬,"Anan Town, Shimoina County"
872,‰ºˆÉ“ßŒSˆ¢“ì’¬,"Achi Village, Shimoina County"
873,‰ºˆÉ“ßŒSˆ¢’q‘º,"Hiratani Village, Shimoina County"
874,‰ºˆÉ“ßŒS•½’J‘º,"Neba Village, Shimoina County"
875,‰ºˆÉ“ßŒSª‰H‘º,"Shimojo Village, Shimoina District"
876,‰ºˆÉ“ßŒS‰ºŠ‘º,"Uruki Village, Shimoina District"
877,‰ºˆÉ“ßŒS”„–Ø‘º,"Tenryu Village, Shimoina County"
878,‰ºˆÉ“ßŒS“V—´‘º,"Taifu Village, Shimoina County"
879,‰ºˆÉ“ßŒS‘×•Œ‘º,"Takagi Village, Shimoina District"
880,‰ºˆÉ“ßŒS‹ª–Ø‘º,"Toyooka Village, Shimoina County"
881,‰ºˆÉ“ßŒS–L‹u‘º,"Oshika Village, Shimoina County"
882,‰ºˆÉ“ßŒS‘å­‘º,"Agematsu Town, Kiso District"
883,–Ø‘]ŒSã¼’¬,"Nagiso Town, Kiso County"
884,–Ø‘]ŒS“ì–Ø‘]’¬,"Kiso Village, Kiso District"
885,–Ø‘]ŒS–Ø‘c‘º,"Otaki Village, Kiso County"
886,–Ø‘]ŒS‰¤‘ê‘º,"Okuwa Village, Kiso District"
887,–Ø‘]ŒS‘åŒK‘º,"Kiso Town, Kiso County"
888,–Ø‘]ŒS–Ø‘]’¬,"Asagi Village, Higashichikuma District"
889,“Œ’}–€ŒS–ƒÑ‘º,"Ikusaka village, Higashichikuma-gun"
890,“Œ’}–€ŒS¶â‘º,"Yamagata-mura, Higashi-Chikuma-gun"
891,“Œ’}–€ŒSRŒ`‘º,"Asahi Village, Higashi Chikuma District"
892,“Œ’}–€ŒS’©“ú‘º,"Chikuhoku-mura, Higashi-Chikuma-gun"
893,“Œ’}–€ŒS’}–k‘º,Kitaazumi-gun Ikeda Town
894,–kˆÀ“ÜŒS’r“c’¬,"Matsukawa Village, Kitaazumi District"
895,–kˆÀ“ÜŒS¼ì‘º,Kitaazumi-gun Hakuba Village
896,–kˆÀ“ÜŒS”’”n‘º,Kitaazumi-gun Otari Village
897,–kˆÀ“ÜŒS¬’J‘º,"Sakaki-cho, Hanishina-gun"
898,û‰ÈŒSâé’¬,"Obuse Town, Kamitakai District"
899,ã‚ˆäŒS¬•z{’¬,"Takayama Village, Kamitakai District"
900,ã‚ˆäŒS‚R‘º,"Yamanouchi Town, Shimotakai District"
901,‰º‚ˆäŒSRƒm“à’¬,"Kijimadaira Village, Shimotakai District"
902,‰º‚ˆäŒS–Ø“‡•½‘º,"Nozawa Onsen Village, Shimotakai District"
903,‰º‚ˆäŒS–ì‘ò‰·ò‘º,"Shinano-machi, Kamiminochi-gun"
904,ã…“àŒSM”Z’¬,"Ogawa village, Kamiminochi district"
905,ã…“àŒS¬ì‘º,"Iizuna-cho, Kamiminochi-gun"
906,ã…“àŒS”Ñj’¬,"Sakae Village, Shimizunai District"
907,‰º…“àŒS‰h‘º,Gifu City
908,Šò•Œs,Ogaki City
909,‘åŠ_s,Takayama City
910,‚Rs,Tajimi City
911,‘½¡Œ©s,Seki City
912,ŠÖs,Nakatsugawa City
913,’†’Ãìs,Mino City
914,”ü”Zs,Mizunami City
915,˜Qs,Hashima City
916,‰H“‡s,Ena City
917,Œb“ßs,Minokamo City
918,”ü”Z‰Á–Îs,Toki City
919,“yŠòs,Kakamigahara City
920,Še–±Œ´s,Kani City
921,‰Â™s,Yamagata City
922,RŒ§s,Mizuho City
923,•äs,Hida City
924,”ò‘Ës,Motosu City
925,–{‘ƒs,Gujo City
926,ŒSãs,Gero City
927,‰º˜Cs,Kaizu City
928,ŠC’Ãs,"Ginan-cho, Hashima-gun"
929,‰H“‡ŒSŠò“ì’¬,"Kasamatsu-cho, Hashima-gun"
930,‰H“‡ŒSŠ}¼’¬,"Yoro-cho, Yoro-gun"
931,—{˜VŒS—{˜V’¬,"Tarui-cho, Fuwa-gun"
932,•s”jŒS‚ˆä’¬,"Sekigahara-cho, Fuwa-gun"
933,•s”jŒSŠÖƒPŒ´’¬,Anpachi-gun Kobe Town
934,ˆÀ”ªŒS_ŒË’¬,"Wanouchi-cho, Anpachi-gun"
935,ˆÀ”ªŒS—Ö”V“à’¬,"Anpachi Town, Anpachi County"
936,ˆÀ”ªŒSˆÀ”ª’¬,"Ibigawa-cho, Ibi-gun"
937,—K”ãŒS—K”ãì’¬,"Ono Town, Ibi County"
938,—K”ãŒS‘å–ì’¬,"Ikeda Town, Ibi County"
939,—K”ãŒS’r“c’¬,"Kitakata-cho, Motosu-gun"
940,–{‘ƒŒS–k•û’¬,"Sakahogi-cho, Kamo-gun"
941,‰Á–ÎŒSâj’¬,"Tomika Town, Kamo County"
942,‰Á–ÎŒS•x‰Á’¬,"Kawabe-cho, Kamo-gun"
943,‰Á–ÎŒSì•Ó’¬,"Shichiso-cho, Kamo-gun"
944,‰Á–ÎŒSµ@’¬,"Yaotsu-cho, Kamo-gun"
945,‰Á–ÎŒS”ª•S’Ã’¬,"Shirakawa Town, Kamo County"
946,‰Á–ÎŒS”’ì’¬,"Higashishirakawa Village, Kamo County"
947,‰Á–ÎŒS“Œ”’ì‘º,"Mitake-cho, Kani-gun"
948,‰Â™ŒSŒä“’¬,"Shirakawa Village, Ono County"
949,‘å–ìŒS”’ì‘º,Shizuoka City
950,Ã‰ªs,Hamamatsu city
951,•l¼s,Numazu City
952,À’Ãs,Atami
953,”MŠCs,Mishima City
954,O“‡s,Fujinomiya City
955,•xm‹{s,Ito City
956,ˆÉ“Œs,Shimada City
957,“‡“cs,Fuji City
958,•xms,Iwata City
959,”Ö“cs,Yaizu City
960,Ä’Ãs,Kakegawa
961,Š|ìs,Fujieda City
962,“¡}s,Gotemba City
963,Œä“aês,Fukuroi City
964,‘Üˆäs,Shimoda City
965,‰º“cs,Susono City
966,–ìs,Kosai City
967,ŒÎ¼s,Izu City
968,ˆÉ“¤s,Omaezaki City
969,Œä‘Oès,Kikugawa City
970,‹eìs,Izunokuni City
971,ˆÉ“¤‚Ì‘s,Makinohara City
972,–q”VŒ´s,"Higashiizu-cho, Kamo-gun"
973,‰ê–ÎŒS“ŒˆÉ“¤’¬,"Kawazu Town, Kamo County"
974,‰ê–ÎŒS‰Í’Ã’¬,"Minamiizu Town, Kamo County"
975,‰ê–ÎŒS“ìˆÉ“¤’¬,"Matsuzaki Town, Kamo County"
976,‰ê–ÎŒS¼è’¬,"Nishiizu-cho, Kamo-gun"
977,‰ê–ÎŒS¼ˆÉ“¤’¬,"Kannami-cho, Tagata-gun"
978,“c•ûŒS”Ÿ“ì’¬,"Shimizu Town, Sunto District"
979,x“ŒŒS´…’¬,"Nagaizumi-cho, Sunto-gun"
980,x“ŒŒS’·ò’¬,"Oyama Town, Sunto District"
981,x“ŒŒS¬R’¬,"Yoshida Town, Haibara District"
982,YŒ´ŒS‹g“c’¬,"Kawanehon-cho, Haibara-gun"
983,YŒ´ŒSìª–{’¬,"Mori-machi, Shuchi-gun"
984,ü’qŒSX’¬,Nagoya city
985,–¼ŒÃ‰®s,Toyohashi City
986,–L‹´s,Okazaki City
987,‰ªès,Ichinomiya City
988,ˆê‹{s,Seto City
989,£ŒËs,Handa City
990,”¼“cs,Kasugai City
991,t“úˆäs,Toyokawa City
992,–Lìs,Tsushima City
993,’Ã“‡s,Hekinan City
994,•É“ìs,Kariya City
995,Š ’Js,Toyota City
996,–L“cs,Anjo City
997,ˆÀés,Nishio City
998,¼”ös,Gamagori
999,Š—ŒSs,Inuyama City
1000,Œ¢Rs,Tokoname
1001,íŠŠs,Gangnam City
1002,]“ìs,Komaki City
1003,¬–qs,Inazawa
1004,ˆî‘òs,Shinshiro City
1005,Vés,Tokai City
1006,“ŒŠCs,Obu City
1007,‘å•{s,Chita City
1008,’m‘½s,Chiryu City
1009,’m—§s,Owariasahi City
1010,”ö’£ˆ®s,Takahama City
1011,‚•ls,Iwakura City
1012,Šâ‘qs,Toyoake City
1013,–L–¾s,Nisshin City
1014,“úis,Tahara City
1015,“cŒ´s,Aisai City
1016,ˆ¤¼s,Kiyosu City
1017,´{s,Kitanagoya City
1018,–k–¼ŒÃ‰®s,Yatomi City
1019,–í•xs,Miyoshi City
1020,‚İ‚æ‚µs,Ama City
1021,‚ ‚Üs,Nagakute City
1022,’·‹vès,"Togo Town, Aichi County"
1023,ˆ¤’mŒS“Œ‹½’¬,"Toyoyama-cho, Nishikasugai-gun"
1024,¼t“úˆäŒS–LR’¬,"Oguchi Town, Niwa District"
1025,’O‰HŒS‘åŒû’¬,"Fuso Town, Niwa District"
1026,’O‰HŒS•}ŒK’¬,"Oharu-cho, Kaifu-gun"
1027,ŠC•”ŒS‘å¡’¬,"Kanie Town, Kaifu District"
1028,ŠC•”ŒSŠI]’¬,"Tobishima Village, Kaifu District"
1029,ŠC•”ŒS”ò“‡‘º,"Agui Town, Chita District"
1030,’m‘½ŒSˆ¢‹v”ä’¬,"Higashiura Town, Chita District"
1031,’m‘½ŒS“Œ‰Y’¬,"Minamichita Town, Chita District"
1032,’m‘½ŒS“ì’m‘½’¬,"Mihama Town, Chita District"
1033,’m‘½ŒS”ü•l’¬,"Taketoyo Town, Chita District"
1034,’m‘½ŒS•–L’¬,"Kota Town, Nukata District"
1035,Šz“cŒSK“c’¬,"Shitara Town, Kitashitara District"
1036,–kİŠyŒSİŠy’¬,"Toei Town, Kitashitara District"
1037,–kİŠyŒS“Œ‰h’¬,Kitashitara District Toyone Village
1038,–kİŠyŒS–Lª‘º,Tsu City
1039,’Ãs,Yokkaichi City
1040,l“úss,Ise City
1041,ˆÉ¨s,Matsusaka City
1042,¼ãs,Kuwana City
1043,ŒK–¼s,Suzuka
1044,—é­s,Nabari City
1045,–¼’£s,Owase City
1046,”ö˜hs,Kameyama City
1047,‹TRs,Toba City
1048,’¹‰Hs,Kumano City
1049,ŒF–ìs,Inabe City
1050,‚¢‚È‚×s,Shima City
1051,u–€s,Iga City
1052,ˆÉ‰ês,"Kisomisaki Town, Kuwana District"
1053,ŒK–¼ŒS–Ø‘]–¦’¬,"Toin Town, Inabe County"
1054,ˆõ•ÙŒS“Œˆõ’¬,"Komono Town, Mie County"
1055,OdŒSŒÔ–ì’¬,"Asahi Town, Mie County"
1056,OdŒS’©“ú’¬,"Kawagoe Town, Mie County"
1057,OdŒSì‰z’¬,"Taki Town, Taki District"
1058,‘½‹CŒS‘½‹C’¬,"Meiwa Town, Taki District"
1059,‘½‹CŒS–¾˜a’¬,"Odai Town, Taki District"
1060,‘½‹CŒS‘å‘ä’¬,"Tamagusuku-cho, Watarai-gun"
1061,“x‰ïŒS‹Êé’¬,"Watarai-cho, Watarai-gun"
1062,“x‰ïŒS“x‰ï’¬,"Taiki Town, Watarai District"
1063,“x‰ïŒS‘å‹I’¬,"Minamiise-cho, Watarai-gun"
1064,“x‰ïŒS“ìˆÉ¨’¬,"Kihoku-cho, Kitamuro-gun"
1065,–k–´˜KŒS‹I–k’¬,"Mihama Town, Minamimuro District"
1066,“ì–´˜KŒSŒä•l’¬,"Kiho-cho, Minamimuro-gun"
1067,“ì–´˜KŒS‹I•ó’¬,Otsu City
1068,‘å’Ãs,Hikone City
1069,•Fªs,Nagahama City
1070,’·•ls,Omihachiman City
1071,‹ß]”ª”¦s,Kusatsu City
1072,‘’Ãs,Moriyama City
1073,çRs,Ritto City
1074,ŒI“Œs,Koka City
1075,b‰ês,Yasu City
1076,–ìFs,Hunan City
1077,ŒÎ“ìs,Takashima City
1078,‚“‡s,Higashiomi City
1079,“Œ‹ß]s,Maibara City
1080,•ÄŒ´s,"Hino-cho, Gamo-gun"
1081,Š—¶ŒS“ú–ì’¬,"Ryuo-cho, Gamo-gun"
1082,Š—¶ŒS—³‰¤’¬,"Aisho-cho, Aichi-gun"
1083,ˆ¤’mŒSˆ¤‘‘’¬,"Toyosato Town, Inukami County"
1084,Œ¢ãŒS–L‹½’¬,"Koura Town, Inukami District"
1085,Œ¢ãŒSb—Ç’¬,"Taga Town, Inukami District"
1086,Œ¢ãŒS‘½‰ê’¬,Kyoto City
1087,‹“ss,Fukuchiyama City
1088,•Ÿ’mRs,Maizuru City
1089,•‘’ßs,Ayabe City
1090,ˆ»•”s,Uji City
1091,‰F¡s,Miyazu City
1092,‹{’Ãs,Kameoka City
1093,‹T‰ªs,Joyo City
1094,é—zs,Muko City
1095,Œü“ús,Nagaokakyo City
1096,’·‰ª‹s,Yawata City
1097,”ª”¦s,Kyotanabe City
1098,‹“c•Ós,Kyotango City
1099,‹’OŒãs,Nantan City
1100,“ì’Os,Kizugawa City
1101,–Ø’Ãìs,"Oyamazaki Town, Otokuni District"
1102,‰³ŒPŒS‘åRè’¬,"Kumiyama Town, Kuse County"
1103,‹v¢ŒS‹vŒäR’¬,"Ide Town, Tsuzuki District"
1104,’ÔŠìŒSˆäè’¬,"Ujitawara Town, Tsuzuki District"
1105,’ÔŠìŒS‰F¡“cŒ´’¬,"Kasagi Town, Soraku District"
1106,‘ŠŠyŒSŠ}’u’¬,"Wazuka Town, Soraku District"
1107,‘ŠŠyŒS˜a‘©’¬,"Seika-cho, Soraku-gun"
1108,‘ŠŠyŒS¸‰Ø’¬,"Minamiyamashiro Village, Soraku District"
1109,‘ŠŠyŒS“ìRé‘º,"Kyotamba Town, Funai District"
1110,‘DˆäŒS‹’O”g’¬,"Ine Town, Yosa County"
1111,—^ÓŒSˆÉª’¬,"Yosano Town, Yosa County"
1112,—^ÓŒS—^Ó–ì’¬,Osaka city
1113,‘åãs,Sakai City
1114,äs,Kishiwada City
1115,Šİ˜a“cs,Toyonaka City
1116,–L’†s,Ikeda City
1117,’r“cs,Suita City
1118,“cs,Izumiotsu City
1119,ò‘å’Ãs,Takatsuki City
1120,‚’Îs,Kaizuka City
1121,ŠL’Ës,Moriguchi City
1122,çŒûs,Hirakata City
1123,–‡•ûs,Ibaraki City
1124,ˆï–Øs,Yao City
1125,”ª”ös,Izumisano City
1126,ò²–ìs,Tondabayashi City
1127,•x“c—Ñs,Neyagawa City
1128,Q‰®ìs,Kawachinagano City
1129,‰Í“à’·–ìs,Matsubara City
1130,¼Œ´s,Daito City
1131,‘å“Œs,Izumi City
1132,˜aòs,Minoh City
1133,–¥–Ês,Kashiwara City
1134,”Œ´s,Habikino City
1135,‰H‰g–ìs,Kadoma City
1136,–å^s,Settsu City
1137,Û’Ãs,Takaishi City
1138,‚Îs,Fujiidera City
1139,“¡ˆä›s,Higashiosaka City
1140,“Œ‘åãs,Sennan City
1141,ò“ìs,Shijonawate City
1142,lŠ“ës,Katano City
1143,Œğ–ìs,"Sayama City, Osaka"
1144,‘åã‹·Rs,Hannan City
1145,ã“ìs,"Shimamoto Town, Mishima County"
1146,O“‡ŒS“‡–{’¬,"Toyono-cho, Toyono-gun"
1147,–L”\ŒS–L”\’¬,"Nose Town, Toyono County"
1148,–L”\ŒS”\¨’¬,"Tadaoka-cho, Senboku-gun"
1149,ò–kŒS’‰‰ª’¬,"Kumatori Town, Sennan District"
1150,ò“ìŒSŒFæ’¬,"Tajiri-cho, Sennan-gun"
1151,ò“ìŒS“cK’¬,"Misaki-cho, Sennan-gun"
1152,ò“ìŒS–¦’¬,"Taishi Town, Minamikawachi County"
1153,“ì‰Í“àŒS‘¾q’¬,"Kanan-cho, Minamikawachi-gun"
1154,“ì‰Í“àŒS‰Í“ì’¬,"Akasaka Village, Chihaya, Minamikawachi District"
1155,“ì‰Í“àŒSç‘Ôã‘º,Kobe City
1156,_ŒËs,Himeji City
1157,•P˜Hs,Amagasaki City
1158,“òès,Akashi City
1159,–¾Îs,Nishinomiya City
1160,¼‹{s,Sumoto City
1161,F–{s,Ashiya City
1162,ˆ°‰®s,Itami City
1163,ˆÉ’Os,Aioi City
1164,‘Š¶s,Toyooka City
1165,–L‰ªs,Kakogawa City
1166,‰ÁŒÃìs,Ako City
1167,Ô•äs,Nishiwaki City
1168,¼˜es,Takarazuka
1169,•ó’Ës,Miki City
1170,O–Øs,Takasago City
1171,‚»s,Kawanishi City
1172,ì¼s,Ono City
1173,¬–ìs,Sanda City
1174,O“cs,Kasai City
1175,‰Á¼s,Sasayama City
1176,ÂRs,Adoptive City
1177,—{•ƒs,Tamba City
1178,’O”gs,Minamiawaji City
1179,“ì‚ ‚í‚¶s,Asago City
1180,’©—ˆs,Awaji City
1181,’W˜Hs,Shiso City
1182,³ˆ¾s,Kato City
1183,‰Á“Œs,Tatsuno City
1184,‚½‚Â‚Ìs,"Inagawa Town, Kawabe District"
1185,ì•ÓŒS’––¼ì’¬,"Taka-cho, Taka-gun"
1186,‘½‰ÂŒS‘½‰Â’¬,"Inami-cho, Kako-gun"
1187,‰ÁŒÃŒSˆî”ü’¬,"Harima-cho, Kako-gun"
1188,‰ÁŒÃŒS”d–’¬,"Ichikawa-cho, Kanzaki-gun"
1189,_èŒSsì’¬,"Fukusaki Town, Kanzaki District"
1190,_èŒS•Ÿè’¬,"Kamikawa-cho, Kanzaki-gun"
1191,_èŒS_‰Í’¬,"Taishi-cho, Ibo-gun"
1192,—K•ÛŒS‘¾q’¬,"Kamigori Town, Ako County"
1193,Ô•äŒSãŒS’¬,"Sayo-cho, Sayo-gun"
1194,²—pŒS²—p’¬,"Kami-cho, Mikata-gun"
1195,”ü•ûŒS”ü’¬,"Shinonsen Town, Mikata District"
1196,”ü•ûŒSV‰·ò’¬,Nara City
1197,“Ş—Çs,Yamatotakada City
1198,‘å˜a‚“cs,Yamatokoriyama City
1199,‘å˜aŒSRs,Tenri City
1200,“V—s,Kashihara City
1201,Š€Œ´s,Sakurai City
1202,÷ˆäs,Gojo City
1203,ŒÜŠs,Gose City
1204,ŒäŠs,Ikoma City
1205,¶‹îs,Kashiba City
1206,Ås,Katsuragi City
1207,Š‹és,Uda City
1208,‰F‘És,Yamabe District Yamazoe Village
1209,R•ÓŒSR“Y‘º,"Hegun-cho, Ikoma-gun"
1210,¶‹îŒS•½ŒQ’¬,"Misato-cho, Ikoma-gun"
1211,¶‹îŒSO‹½’¬,"Ikaruga Town, Ikoma District"
1212,¶‹îŒS”Á”µ’¬,"Ando Town, Ikoma District"
1213,¶‹îŒSˆÀ“g’¬,"Kawanishi-cho, Isoki-gun"
1214,ˆééŒSì¼’¬,"Miyake-cho, Isoki-gun"
1215,ˆééŒSO‘î’¬,"Tawaramoto-cho, Isoki-gun"
1216,ˆééŒS“cŒ´–{’¬,"Soni Village, Uda County"
1217,‰F‘ÉŒS‘]¢‘º,"Mitsue Village, Uda District"
1218,‰F‘ÉŒSŒäñ‘º,"Takatori-cho, Takaichi-gun"
1219,‚sŒS‚æ’¬,"Asuka Village, Takaichi County"
1220,‚sŒS–¾“ú‘º,"Kamimaki Town, Kitakatsuragi County"
1221,–kŠ‹éŒSã–q’¬,"Oji Town, Kitakatsuragi County"
1222,–kŠ‹éŒS‰¤›’¬,"Koryo-cho, Kitakatsuragi-gun"
1223,–kŠ‹éŒSL—Ë’¬,"Kawai Town, Kitakatsuragi County"
1224,–kŠ‹éŒS‰Í‡’¬,"Yoshino-cho, Yoshino-gun"
1225,‹g–ìŒS‹g–ì’¬,"Oyodo-cho, Yoshino-gun"
1226,‹g–ìŒS‘å—„’¬,"Shimoichi Town, Yoshino District"
1227,‹g–ìŒS‰ºs’¬,"Kurotaki Village, Yoshino District"
1228,‹g–ìŒS•‘ê‘º,"Tenkawa Village, Yoshino District"
1229,‹g–ìŒS“Vì‘º,"Nosegawa Village, Yoshino District"
1230,‹g–ìŒS–ì”—ì‘º,"Totsukawa Village, Yoshino District"
1231,‹g–ìŒS\’Ãì‘º,"Shimokitayama Village, Yoshino District"
1232,‹g–ìŒS‰º–kR‘º,"Kamikitayama Village, Yoshino District"
1233,‹g–ìŒSã–kR‘º,"Kawakami Village, Yoshino District"
1234,‹g–ìŒSìã‘º,"Higashiyoshino Village, Yoshino District"
1235,‹g–ìŒS“Œ‹g–ì‘º,Wakayama City
1236,˜a‰ÌRs,Hainan City
1237,ŠC“ìs,Hashimoto City
1238,‹´–{s,Arita City
1239,—L“cs,Gobo City
1240,Œä–Vs,Tanabe City
1241,“c•Ós,Shingu City
1242,V‹{s,Kinokawa City
1243,‹I‚Ììs,Iwade City
1244,Šâos,"Kimino Town, Seagrass County"
1245,ŠC‘ŒS‹I”ü–ì’¬,"Katsuragi Town, Ito District"
1246,ˆÉ“sŒS‚©‚Â‚ç‚¬’¬,"Kudoyama-cho, Ito-gun"
1247,ˆÉ“sŒS‹ã“xR’¬,"Koya Town, Ito District"
1248,ˆÉ“sŒS‚–ì’¬,"Yuasa Town, Arita District"
1249,—L“cŒS“’ó’¬,"Hirogawa-cho, Arita-gun"
1250,—L“cŒSLì’¬,"Aridagawa-cho, Arita-gun"
1251,—L“cŒS—L“cì’¬,"Mihama Town, Hidaka District"
1252,“ú‚ŒS”ü•l’¬,"Hidaka-cho, Hidaka-gun"
1253,“ú‚ŒS“ú‚’¬,"Yura Town, Hidaka District"
1254,“ú‚ŒS—R—Ç’¬,"Inami Town, Hidaka County"
1255,“ú‚ŒSˆó“ì’¬,"Minabe Town, Hidaka County"
1256,“ú‚ŒS‚İ‚È‚×’¬,"Hidaka-cho, Hidaka-gun"
1257,“ú‚ŒS“ú‚ì’¬,"Shirahama Town, Nishimuro District"
1258,¼–´˜KŒS”’•l’¬,"Kamitonda-cho, Nishimuro-gun"
1259,¼–´˜KŒSã•x“c’¬,"Susami Town, Nishimuro District"
1260,¼–´˜KŒS‚·‚³‚İ’¬,"Nachikatsuura-cho, Higashimuro-gun"
1261,“Œ–´˜KŒS“ß’qŸ‰Y’¬,"Taiji Town, Higashimuro County"
1262,“Œ–´˜KŒS‘¾’n’¬,"Kozagawa-cho, Higashimuro-gun"
1263,“Œ–´˜KŒSŒÃÀì’¬,"Kitayama Village, Higashimuro District"
1264,“Œ–´˜KŒS–kR‘º,"Kushimoto-cho, Higashimuro-gun"
1265,“Œ–´˜KŒS‹ø–{’¬,Tottori City
1266,’¹æs,Yonago City
1267,•Äqs,Kurayoshi City
1268,‘q‹gs,Sakaiminato City
1269,‹«`s,"Iwami-cho, Iwami-gun"
1270,Šâ”üŒSŠâ”ü’¬,"Wakasa-cho, Yazu-gun"
1271,”ª“ªŒSá÷’¬,"Chizu-cho, Yazu-gun"
1272,”ª“ªŒS’q“ª’¬,"Yazu-cho, Yazu-gun"
1273,”ª“ªŒS”ª“ª’¬,"Misasa-cho, Tohaku-gun"
1274,“Œ”ŒŒSO’©’¬,"Yurihama Town, Tohaku District"
1275,“Œ”ŒŒS“’—œ•l’¬,"Kotoura-cho, Tohaku-gun"
1276,“Œ”ŒŒS‹Õ‰Y’¬,"Hokuei-cho, Tohaku-gun"
1277,“Œ”ŒŒS–k‰h’¬,"Hiezu village, Saihaku-gun"
1278,¼”ŒŒS“ú‹g’Ã‘º,"Oyama-cho, Saihaku-gun"
1279,¼”ŒŒS‘åR’¬,"Nanbu-cho, Saihaku-gun"
1280,¼”ŒŒS“ì•”’¬,"Houki Town, Saihaku County"
1281,¼”ŒŒS”ŒãË’¬,"Nichinan Town, Hino County"
1282,“ú–ìŒS“ú“ì’¬,"Hino Town, Hino County"
1283,“ú–ìŒS“ú–ì’¬,"Kofu Town, Hino County"
1284,“ú–ìŒS]•{’¬,Matsue
1285,¼]s,Hamada City
1286,•l“cs,Izumo
1287,o‰_s,Masuda City
1288,‰v“cs,Daejeon
1289,‘å“cs,Yasugi City
1290,ˆÀ—ˆs,Gotsu City
1291,]’Ãs,Unnan City
1292,‰_“ìs,"Okuizumo Town, Nita District"
1293,m‘½ŒS‰œo‰_’¬,"Iinan Town, Iishi District"
1294,”ÑÎŒS”Ñ“ì’¬,"Kawamoto-cho, Ochi-gun"
1295,—W’qŒSì–{’¬,"Misato-cho, Ochi-gun"
1296,—W’qŒS”ü‹½’¬,"Onan-cho, Ochi-gun"
1297,—W’qŒS—W“ì’¬,"Tsuwano Town, Kaashi District"
1298,­‘«ŒS’Ã˜a–ì’¬,"Yoshika Town, Kaashi District"
1299,­‘«ŒS‹g‰ê’¬,"Ama Town, Oki District"
1300,‰BŠòŒSŠCm’¬,"Nishinoshima Town, Oki District"
1301,‰BŠòŒS¼ƒm“‡’¬,"Chio Village, Oki District"
1302,‰BŠòŒS’m•v‘º,"Okinoshima Town, Oki District"
1303,‰BŠòŒS‰BŠò‚Ì“‡’¬,Okayama City
1304,‰ªRs,Kurashiki
1305,‘q•~s,Tsuyama City
1306,’ÃRs,Tamano City
1307,‹Ê–ìs,Kasaoka City
1308,Š}‰ªs,Ibara City
1309,ˆäŒ´s,Soja City
1310,‘Ğs,Takahashi City
1311,‚—Às,Niimi City
1312,VŒ©s,Bizen City
1313,”õ‘Os,Setouchi City
1314,£ŒË“às,Akaiwa City
1315,Ô”Ös,Maniwa City
1316,^’ës,Mimasaka
1317,”üìs,Asakuchi
1318,óŒûs,"Wake-cho, Wake-gun"
1319,˜a‹CŒS˜a‹C’¬,"Hayashima Town, Tsukubo District"
1320,“sŒEŒS‘“‡’¬,"Satosho Town, Asakuchi District"
1321,óŒûŒS—¢¯’¬,"Yakage-cho, Oda-gun"
1322,¬“cŒS–îŠ|’¬,"Shinjo Village, Maniwa District"
1323,^’ëŒSV¯‘º,"Kagamino Town, Tomata District"
1324,“Ï“cŒS‹¾–ì’¬,Katsuta-gun Shoo-cho
1325,Ÿ“cŒSŸ‰›’¬,"Nagi Town, Katsuta District"
1326,Ÿ“cŒS“Ş‹`’¬,"Nishiawakura Village, Aida District"
1327,‰p“cŒS¼ˆ¾‘q‘º,"Kumenan Town, Kume County"
1328,‹v•ÄŒS‹v•Ä“ì’¬,"Misaki Town, Kume County"
1329,‹v•ÄŒS”üç’¬,"Kibichuo Town, Kaga County"
1330,‰Á‰êŒS‹g”õ’†‰›’¬,Hiroshima city
1331,L“‡s,Kure City
1332,Œàs,Takehara City
1333,’|Œ´s,Mihara City
1334,OŒ´s,Onomichi
1335,”ö“¹s,Fukuyama City
1336,•ŸRs,Fuchu City
1337,•{’†s,Miyoshi City
1338,OŸs,Shobara City
1339,¯Œ´s,Otake City
1340,‘å’|s,Higashihiroshima City
1341,“ŒL“‡s,Hatsukaichi City
1342,“ù“úss,Akitakata City
1343,ˆÀŒ|‚“cs,Etajima City
1344,]“c“‡s,"Fuchu-cho, Aki-gun"
1345,ˆÀŒ|ŒS•{’†’¬,"Kaita-cho, Aki-gun"
1346,ˆÀŒ|ŒSŠC“c’¬,"Kumano Town, Aki District"
1347,ˆÀŒ|ŒSŒF–ì’¬,"Saka-cho, Aki-gun"
1348,ˆÀŒ|ŒSâ’¬,"Akiota Town, Yamagata County"
1349,RŒ§ŒSˆÀŒ|‘¾“c’¬,"Kitahiroshima Town, Yamagata County"
1350,RŒ§ŒS–kL“‡’¬,"Osakikamijima Town, Toyota District"
1351,–L“cŒS‘åèã“‡’¬,"Sera-cho, Sera-gun"
1352,¢—…ŒS¢—…’¬,"Jinseki Kogen Town, Jinseki District"
1353,_ÎŒS_Î‚Œ´’¬,Shimonoseki City
1354,‰ºŠÖs,Ube City
1355,‰F•”s,Yamaguchi City
1356,RŒûs,Hagi City
1357,”‹s,Hofu City
1358,–h•{s,Kudamatsu City
1359,‰º¼s,Iwakuni City
1360,Šâ‘s,Hikari City
1361,Œõs,Nagato City
1362,’·–ås,Yanai City
1363,–öˆäs,Mine City
1364,”ü”Is,Shunan City
1365,ü“ìs,Sanyo Onoda City
1366,R—z¬–ì“cs,"Suo Oshima Town, Oshima County"
1367,‘å“‡ŒSü–h‘å“‡’¬,"Waki-cho, Kuga-gun"
1368,‹è‰ÏŒS˜a–Ø’¬,"Kaminoseki-cho, Kumage-gun"
1369,ŒF–ÑŒSãŠÖ’¬,"Tabuse Town, Kumage County"
1370,ŒF–ÑŒS“c•z{’¬,"Hirao-cho, Kumage-gun"
1371,ŒF–ÑŒS•½¶’¬,"Abu Town, Abu County"
1372,ˆ¢•ŒSˆ¢•’¬,Tokushima City
1373,“¿“‡s,Naruto City
1374,–Â–ås,Komatsushima City
1375,¬¼“‡s,Anan City
1376,ˆ¢“ìs,Yoshinogawa City
1377,‹g–ììs,Awa City
1378,ˆ¢”gs,Mima City
1379,”ü”ns,Miyoshi City
1380,ODs,"Katsuura-cho, Katsuura-gun"
1381,Ÿ‰YŒSŸ‰Y’¬,"Kamikatsu Town, Katsuura District"
1382,Ÿ‰YŒSãŸ’¬,"Sanagochi Village, Meito District"
1383,–¼“ŒŒS²“ß‰Í“à‘º,"Ishii Town, Meisai District"
1384,–¼¼ŒSÎˆä’¬,"Kamiyama Town, Meisai District"
1385,–¼¼ŒS_R’¬,"Naka Town, Naka District"
1386,“ß‰êŒS“ß‰ê’¬,"Mugi Town, Kaifu District"
1387,ŠC•”ŒS–´Šò’¬,"Minami-cho, Ama-gun"
1388,ŠC•”ŒS”ü”g’¬,"Kaiyo Town, Kaifu District"
1389,ŠC•”ŒSŠC—z’¬,"Matsushige Town, Itano District"
1390,”Â–ìŒS¼–Î’¬,"Kitajima Town, Itano District"
1391,”Â–ìŒS–k“‡’¬,"Aizumi-cho, Itano-gun"
1392,”Â–ìŒS—•Z’¬,"Itano-cho, Itano-gun"
1393,”Â–ìŒS”Â–ì’¬,"Kamiita Town, Itano District"
1394,”Â–ìŒSã”Â’¬,"Tsurugi Town, Mima County"
1395,”ü”nŒS‚Â‚é‚¬’¬,"Higashimiyoshi Town, Miyoshi District"
1396,ODŒS“Œ‚İ‚æ‚µ’¬,Takamatsu City
1397,‚¼s,Marugame City
1398,ŠÛ‹Ts,Sakaide City
1399,âos,Zentsuji City
1400,‘P’Ê›s,Kanonji City
1401,ŠÏ‰¹›s,Sanuki City
1402,‚³‚Ê‚«s,Higashikagawa City
1403,“Œ‚©‚ª‚ís,Mitoyo City
1404,O–Ls,"Tonosho-cho, Shozu-gun"
1405,¬“¤ŒS“y¯’¬,"Shodoshima-cho, Shozu-gun"
1406,¬“¤ŒS¬“¤“‡’¬,"Miki-cho, Kida-gun"
1407,–Ø“cŒSO–Ø’¬,"Naoshima Town, Kagawa District"
1408,ìŒS’¼“‡’¬,"Utazu-cho, Ayuta-gun"
1409,ˆ»‰ÌŒS‰F‘½’Ã’¬,"Ayagawa-cho, Ayauta-gun"
1410,ˆ»‰ÌŒSˆ»ì’¬,"Kotohira Town, Nakatado County"
1411,’‡‘½“xŒS‹Õ•½’¬,"Tadotsu Town, Nakatado County"
1412,’‡‘½“xŒS‘½“x’Ã’¬,"Manno Town, Nakatado County"
1413,’‡‘½“xŒS‚Ü‚ñ‚Ì‚¤’¬,Matsuyama City
1414,¼Rs,Imabari City
1415,¡¡s,Uwajima City
1416,‰F˜a“‡s,Yawatahama City
1417,”ª”¦•ls,Niihama City
1418,V‹•ls,Saijo City
1419,¼ğs,Ozu City
1420,‘åFs,Iyo City
1421,ˆÉ—\s,Shikokuchuo City
1422,l‘’†‰›s,Seiyo City
1423,¼—\s,Toon City
1424,“Œ‰·s,"Kamijima Town, Ochi County"
1425,‰z’qŒSã“‡’¬,"Kumakogen-cho, Kamiukiana-gun"
1426,ã•‚ŒŠŒS‹v–œ‚Œ´’¬,"Matsumae Town, Iyo District"
1427,ˆÉ—\ŒS¼‘O’¬,"Tobe Town, Iyo District"
1428,ˆÉ—\ŒS“u•”’¬,"Uchiko Town, Kita District"
1429,Šì‘½ŒS“àq’¬,"Ikata Town, Nishiuwa District"
1430,¼‰F˜aŒSˆÉ•û’¬,"Matsuno Town, Kitauwa District"
1431,–k‰F˜aŒS¼–ì’¬,"Kihoku-cho, Kitauwa-gun"
1432,–k‰F˜aŒS‹S–k’¬,"Ainan-cho, Minamiuwa-gun"
1433,“ì‰F˜aŒSˆ¤“ì’¬,Kochi City
1434,‚’ms,Muroto City
1435,ºŒËs,Aki City
1436,ˆÀŒ|s,Nankoku City
1437,“ì‘s,Tosa City
1438,“y²s,Susaki City
1439,{ès,Sukumo City
1440,h–Ñs,Tosashimizu City
1441,“y²´…s,Shimanto City
1442,l–œ\s,Konan City
1443,“ìs,Kami City
1444,”üs,"Toyo-cho, Aki-gun"
1445,ˆÀŒ|ŒS“Œ—m’¬,"Nahari-cho, Aki-gun"
1446,ˆÀŒ|ŒS“Ş”¼—˜’¬,"Tano-cho, Aki-gun"
1447,ˆÀŒ|ŒS“c–ì’¬,"Yasuda Town, Aki District"
1448,ˆÀŒ|ŒSˆÀ“c’¬,"Kitagawa Village, Aki District"
1449,ˆÀŒ|ŒS–kì‘º,"Umaji Village, Aki District"
1450,ˆÀŒ|ŒS”n˜H‘º,"Geisei village, Aki district"
1451,ˆÀŒ|ŒSŒ|¼‘º,"Motoyama-cho, Nagaoka-gun"
1452,’·‰ªŒS–{R’¬,"Otoyo Town, Nagaoka County"
1453,’·‰ªŒS‘å–L’¬,"Tosa Town, Tosa District"
1454,“y²ŒS“y²’¬,"Okawa Village, Tosa District"
1455,“y²ŒS‘åì‘º,"Ino Town, Agawa County"
1456,ŒáìŒS‚¢‚Ì’¬,"Niyodogawa-cho, Agawa-gun"
1457,ŒáìŒSm—„ì’¬,"Nakatosa Town, Takaoka County"
1458,‚‰ªŒS’†“y²’¬,"Sagawa-cho, Takaoka-gun"
1459,‚‰ªŒS²ì’¬,"Ochi Town, Takaoka County"
1460,‚‰ªŒS‰z’m’¬,"Yusuhara-cho, Takaoka-gun"
1461,‚‰ªŒSŒ´’¬,"Hidaka Village, Takaoka County"
1462,‚‰ªŒS“ú‚‘º,"Tsuno Town, Takaoka County"
1463,‚‰ªŒS’Ã–ì’¬,"Shimanto Town, Takaoka County"
1464,‚‰ªŒSl–œ\’¬,"Otsuki-cho, Hata-gun"
1465,”¦‘½ŒS‘åŒ’¬,"Mihara Village, Hata District"
1466,”¦‘½ŒSOŒ´‘º,"Kuroshio Town, Hata District"
1467,”¦‘½ŒS•’ª’¬,Kitakyushu City
1468,–k‹ãBs,Fukuoka City
1469,•Ÿ‰ªs,Omuta City
1470,‘å–´“cs,Kurume City
1471,‹v—¯•Äs,Nogata City
1472,’¼•ûs,Iizuka City
1473,”Ñ’Ës,Tagawa City
1474,“cìs,Yanagawa City
1475,–öìs,Yame City
1476,”ª—s,Chikugo City
1477,’}Œãs,Okawa City
1478,‘åìs,Yukuhashi City
1479,s‹´s,Buzen City
1480,–L‘Os,Nakama City
1481,’†ŠÔs,Ogori City
1482,¬ŒSs,Chikushino City
1483,’}‡–ìs,Kasuga City
1484,t“ús,Onojo City
1485,‘å–ìés,Munakata City
1486,@‘œs,Dazaifu City
1487,‘¾É•{s,Koga City
1488,ŒÃ‰ês,Fukutsu City
1489,•Ÿ’Ãs,Ukiha City
1490,‚¤‚«‚Ís,Miyawaka City
1491,‹{ás,Kama City
1492,‰Ã–ƒs,Asakura City
1493,’©‘qs,Miyama City
1494,‚İ‚â‚Üs,Itoshima City
1495,…“‡s,"Nakagawa Town, Chikushi County"
1496,’}‡ŒS“ß‰Ïì’¬,"Umi Town, Kasuya District"
1497,‘Œ‰®ŒS‰F”ü’¬,"Sasaguri-cho, Kasuya-gun"
1498,‘Œ‰®ŒSÂŒI’¬,"Shime Town, Kasuya District"
1499,‘Œ‰®ŒSu–Æ’¬,"Sue Town, Kasuya District"
1500,‘Œ‰®ŒS{œ¨’¬,"Shingu Town, Kasuya District"
1501,‘Œ‰®ŒSV‹{’¬,"Hisayama Town, Kasuya District"
1502,‘Œ‰®ŒS‹vR’¬,"Kasuya-cho, Kasuya-gun"
1503,‘Œ‰®ŒS””‰®’¬,"Ashiya Town, Onga County"
1504,‰“‰êŒSˆ°‰®’¬,"Mizumaki Town, Onga County"
1505,‰“‰êŒS…Šª’¬,"Okagaki Town, Onga County"
1506,‰“‰êŒS‰ªŠ_’¬,"Onga Town, Onga County"
1507,‰“‰êŒS‰“‰ê’¬,"Kotake Town, Kurate District"
1508,ˆÆèŒS¬’|’¬,"Kurate-machi, Kurate-gun"
1509,ˆÆèŒSˆÆè’¬,"Katsuragawa-cho, Kaho-gun"
1510,‰Ã•äŒSŒjì’¬,"Chikuzen Town, Asakura District"
1511,’©‘qŒS’}‘O’¬,"Toho Village, Asakura District"
1512,’©‘qŒS“Œ•ô‘º,"Tachiarai-cho, Mitsui-gun"
1513,OˆäŒS‘å“ô’¬,"Oki-cho, Mizuma-gun"
1514,OàkŒS‘å–Ø’¬,"Hirogawa-cho, Yame-gun"
1515,”ª—ŒSLì’¬,"Koharu-cho, Tagawa-gun"
1516,“cìŒSt’¬,"Soeda Town, Tagawa District"
1517,“cìŒS“Y“c’¬,"Itoda Town, Tagawa District"
1518,“cìŒS…“c’¬,"Kawasaki Town, Tagawa District"
1519,“cìŒSìè’¬,"Oito Town, Tagawa District"
1520,“cìŒS‘å”C’¬,"Akamura, Tagawa-gun"
1521,“cìŒSÔ‘º,"Fukuchi Town, Tagawa District"
1522,“cìŒS•Ÿ’q’¬,"Kanda-cho, Kyoto-gun"
1523,‹“sŒSŠ¡“c’¬,"Miyako Town, Kyoto District"
1524,‹“sŒS‚İ‚â‚±’¬,"Yoshitomi-cho, Chikujo-gun"
1525,’zãŒS‹g•x’¬,"Jomo-cho, Chikijo-gun"
1526,’zãŒSã–Ñ’¬,"Chikujo-cho, Chikujo-gun"
1527,’zãŒS’zã’¬,Saga City
1528,²‰ês,Karatsu City
1529,“‚’Ãs,Tosu City
1530,’¹²s,Taku City
1531,‘½‹vs,Imari City
1532,ˆÉ–œ—¢s,Takeo City
1533,•—Ys,Kashima City
1534,­“‡s,Ogi City
1535,¬és,Ureshino City
1536,Šğ–ìs,Kanzaki City
1537,_és,"Yoshinogari Town, Kanzaki District"
1538,_éŒS‹g–ìƒ–—¢’¬,"Kiyama-cho, Sanyoki-gun"
1539,O—{ŠîŒSŠîR’¬,Sanyoki-gun Kamimine Town
1540,O—{ŠîŒSã•ô’¬,"Miyaki-cho, Sanyoki-gun"
1541,O—{ŠîŒS‚İ‚â‚«’¬,"Genkai-cho, Higashimatsuura-gun"
1542,“Œ¼‰YŒSŒºŠC’¬,"Arita Town, Nishimatsuura District"
1543,¼¼‰YŒS—L“c’¬,"Omachi Town, Kishima County"
1544,‹n“‡ŒS‘å’¬’¬,"Kohoku-cho, Kishima-gun"
1545,‹n“‡ŒS]–k’¬,"Shiroishi-cho, Kishima-gun"
1546,‹n“‡ŒS”’Î’¬,"Tara-cho, Fujitsu-gun"
1547,“¡’ÃŒS‘¾—Ç’¬,Nagasaki City
1548,’·ès,Sasebo City
1549,²¢•Ûs,Shimabara City
1550,“‡Œ´s,Isahaya City
1551,æ|‘s,Omura City
1552,‘å‘ºs,Hirado City
1553,•½ŒËs,Matsuura City
1554,¼‰Ys,Tsushima City
1555,‘Î”ns,Iki City
1556,ˆëŠòs,Goto City
1557,ŒÜ“‡s,Saikai City
1558,¼ŠCs,Unzen City
1559,‰_ås,Minamishimabara City
1560,“ì“‡Œ´s,"Nagayo-cho, Nishisonogi-gun"
1561,¼”Ş‹nŒS’·—^’¬,"Togitsu Town, Nishisonogi County"
1562,¼”Ş‹nŒS’Ã’¬,"Higashisonogi Town, Higashisonogi County"
1563,“Œ”Ş‹nŒS“Œ”Ş‹n’¬,"Kawatana Town, Higashisonogi District"
1564,“Œ”Ş‹nŒSì’I’¬,"Hasami-cho, Higashisonogi-gun"
1565,“Œ”Ş‹nŒS”g²Œ©’¬,"Ojika Town, Kitamatsuura District"
1566,–k¼‰YŒS¬’l‰ê’¬,"Saza Town, Kitamatsuura District"
1567,–k¼‰YŒS²X’¬,"Shinkamigoto Town, Minamimatsuura District"
1568,“ì¼‰YŒSVãŒÜ“‡’¬,Kumamoto City
1569,ŒF–{s,Yatsushiro City
1570,”ª‘ãs,Hitoyoshi City
1571,l‹gs,Arao City
1572,r”ös,Minamata City
1573,…–“s,Tamana City
1574,‹Ê–¼s,Yamaga City
1575,R­s,Kikuchi City
1576,‹e’rs,Uto City
1577,‰F“ys,Kamiamakusa City
1578,ã“V‘s,Uki City
1579,‰Fés,Aso City
1580,ˆ¢‘hs,Amakusa
1581,“V‘s,Koshi City
1582,‡us,"Misato Town, Shimomashiki District"
1583,‰º‰véŒS”ü—¢’¬,"Gyokuhigashi-cho, Tamana-gun"
1584,‹Ê–¼ŒS‹Ê“Œ’¬,"Nankan-cho, Tamana-gun"
1585,‹Ê–¼ŒS“ìŠÖ’¬,"Nagasu Town, Tamana County"
1586,‹Ê–¼ŒS’·F’¬,"Nagomi-cho, Tamana-gun"
1587,‹Ê–¼ŒS˜a…’¬,"Otsu Town, Kikuchi County"
1588,‹e’rŒS‘å’Ã’¬,"Kikuyo Town, Kikuchi County"
1589,‹e’rŒS‹e—z’¬,"Minamioguni Town, Aso County"
1590,ˆ¢‘hŒS“ì¬‘’¬,"Oguni Town, Aso County"
1591,ˆ¢‘hŒS¬‘’¬,"Ubuyama Village, Aso County"
1592,ˆ¢‘hŒSYR‘º,"Takamori Town, Aso County"
1593,ˆ¢‘hŒS‚X’¬,"Nishihara Village, Aso County"
1594,ˆ¢‘hŒS¼Œ´‘º,"Minamiaso Village, Aso County"
1595,ˆ¢‘hŒS“ìˆ¢‘h‘º,"Mifune Town, Kamimashiki District"
1596,ã‰véŒSŒä‘D’¬,"Kashima Town, Kamimashiki District"
1597,ã‰véŒS‰Ã“‡’¬,"Mashiki-cho, Kamimashiki-gun"
1598,ã‰véŒS‰vé’¬,"Kosa-cho, Kamimashiki-gun"
1599,ã‰véŒSb²’¬,"Yamato Town, Kamimashiki District"
1600,ã‰véŒSR“s’¬,"Hikawa Town, Yatsushiro District"
1601,”ª‘ãŒS•Xì’¬,"Ashikita-cho, Ashikita-gun"
1602,ˆ¯–kŒSˆ°–k’¬,"Tsunagi Town, Ashikita District"
1603,ˆ¯–kŒS’Ã“Ş–Ø’¬,"Nishiki-cho, Kuma-gun"
1604,‹…–ŒS‹Ñ’¬,"Taragi-cho, Kuma-gun"
1605,‹…–ŒS‘½—Ç–Ø’¬,"Yumae-cho, Kuma-gun"
1606,‹…–ŒS“’‘O’¬,"Mizukami-mura, Kuma-gun"
1607,‹…–ŒS…ã‘º,"Sagara Village, Kuma District"
1608,‹…–ŒS‘Š—Ç‘º,"Itsuki village, Kuma-gun"
1609,‹…–ŒSŒÜ–Ø‘º,"Yamae Village, Kuma District"
1610,‹…–ŒSR]‘º,"Kuma-mura, Kuma-gun"
1611,‹…–ŒS‹…–‘º,"Asagiri Town, Kuma District"
1612,‹…–ŒS‚ ‚³‚¬‚è’¬,"Reihoku-cho, Amakusa-gun"
1613,“V‘ŒS—è–k’¬,Oita City
1614,‘å•ªs,Beppu City
1615,•Ê•{s,Nakatsu City
1616,’†’Ãs,Hita City
1617,“ú“cs,Saiki City
1618,²”Œs,Usuki City
1619,‰P‹ns,Tsukumi City
1620,’Ã‹vŒ©s,Taketa City
1621,’|“cs,Bungotakada City
1622,–LŒã‚“cs,Kitsuki City
1623,‹n’zs,Usa City
1624,‰F²s,Bungo Ono City
1625,–LŒã‘å–ìs,Yufu City
1626,—R•zs,Kunisaki City
1627,‘“Œs,"Himeshima Village, Higashikunisaki District"
1628,“Œ‘“ŒŒS•P“‡‘º,"Hiji Town, Hayami County"
1629,‘¬Œ©ŒS“úo’¬,"Kokonoe Town, Kusu County"
1630,‹èìŒS‹ãd’¬,"Kusu Town, Kusu County"
1631,‹èìŒS‹èì’¬,Miyazaki City
1632,‹{ès,Miyakonojo City
1633,“sés,Nobeoka City
1634,‰„‰ªs,Nichinan City
1635,“ú“ìs,Kobayashi City
1636,¬—Ñs,Hyuga
1637,“úŒüs,Kushima City
1638,‹øŠÔs,west city
1639,¼“ss,Ebino Market
1640,‚¦‚Ñ‚Ìs,"Mimata Town, Kitamorokata County"
1641,–k”Œ§ŒSOŒÒ’¬,"Takahara Town, Nishimorokata County"
1642,¼”Œ§ŒS‚Œ´’¬,"Kunitomi Town, Higashi Morokata County"
1643,“Œ”Œ§ŒS‘•x’¬,"Aya Town, Higashi Morokata District"
1644,“Œ”Œ§ŒSˆ»’¬,"Takanabe Town, Koyu District"
1645,™“’ŒS‚“ç’¬,"Shintomi-cho, Koyu-gun"
1646,™“’ŒSV•x’¬,"Nishimera Village, Koyu District"
1647,™“’ŒS¼•Ä—Ç‘º,"Kijo Town, Koyu District"
1648,™“’ŒS–Øé’¬,"Kawaminami-cho, Koyu-gun"
1649,™“’ŒSì“ì’¬,"Tsuno Town, Koyu District"
1650,™“’ŒS“s”_’¬,"Kadogawa Town, Higashiusuki County"
1651,“Œ‰P‹nŒS–åì’¬,"Morotsuka-mura, Higashiusuki-gun"
1652,“Œ‰P‹nŒS”’Ë‘º,"Shiiba Village, Higashiusuki District"
1653,“Œ‰P‹nŒS’Å—t‘º,"Misato-cho, Higashiusuki-gun"
1654,“Œ‰P‹nŒS”ü‹½’¬,"Takachiho Town, Nishiusuki District"
1655,¼‰P‹nŒS‚ç•ä’¬,"Hinokage-cho, Nishiusuki-gun"
1656,¼‰P‹nŒS“ú”V‰e’¬,"Gokase Town, Nishiusuki District"
1657,¼‰P‹nŒSŒÜƒ–£’¬,Kagoshima City
1658,­™“‡s,Kanoya City
1659,­‰®s,Makurazaki City
1660,–ès,Akune City
1661,ˆ¢‹vªs,Izumi City
1662,o…s,Ibusuki City
1663,whs,Nishinoomote City
1664,¼”V•\s,Tarumizu City
1665,‚…s,Satsumasendai City
1666,F–€ì“às,Hioki City
1667,“ú’us,Soo City
1668,‘]‰—s,Kirishima City
1669,–¶“‡s,Ichikikushikino City
1670,‚¢‚¿‚«‹ø–Ø–ìs,Minamisatsuma City
1671,“ì‚³‚Â‚Üs,Shibushi City
1672,u•zus,Amami City
1673,‰‚”üs,Minamikyushu City
1674,“ì‹ãBs,Isa City
1675,ˆÉ²s,Aira City
1676,ˆ¦—Çs,"Mishima Village, Kagoshima County"
1677,­™“‡ŒSO“‡‘º,"Toshima Village, Kagoshima County"
1678,­™“‡ŒS\“‡‘º,"Satsuma Town, Satsuma County"
1679,F–€ŒS‚³‚Â‚Ü’¬,"Nagashima Town, Izumi District"
1680,o…ŒS’·“‡’¬,"Yusui Town, Aira District"
1681,ˆ¦—ÇŒS—N…’¬,"Osaki Town, Soo County"
1682,‘]‰—ŒS‘åè’¬,"Higashikushira-cho, Kimotsuki-gun"
1683,ŠÌ‘®ŒS“Œ‹ø—Ç’¬,"Kinko-cho, Kimotsuki-gun"
1684,ŠÌ‘®ŒS‹Ñ]’¬,"Minamiosumi-cho, Kimotsuki-gun"
1685,ŠÌ‘®ŒS“ì‘å‹÷’¬,"Kimotsuki-cho, Kimotsuki-gun"
1686,ŠÌ‘®ŒSŠÌ•t’¬,"Nakatane-cho, Kumage-gun"
1687,ŒF–ÑŒS’†íq’¬,"Minamitane-cho, Kumage-gun"
1688,ŒF–ÑŒS“ìíq’¬,"Yakushima Town, Kumage District"
1689,ŒF–ÑŒS‰®‹v“‡’¬,"Yamato Village, Oshima County"
1690,‘å“‡ŒS‘å˜a‘º,"Uken Village, Oshima County"
1691,‘å“‡ŒS‰FŒŸ‘º,"Setouchi Town, Oshima County"
1692,‘å“‡ŒS£ŒË“à’¬,"Tatsugo-cho, Oshima-gun"
1693,‘å“‡ŒS—´‹½’¬,"Kikai-cho, Oshima-gun"
1694,‘å“‡ŒSŠìŠE’¬,"Tokunoshima Town, Oshima County"
1695,‘å“‡ŒS“¿”V“‡’¬,"Amagi Town, Oshima County"
1696,‘å“‡ŒS“Vé’¬,"Isen-cho, Oshima-gun"
1697,‘å“‡ŒSˆÉå’¬,"Wadomari-cho, Oshima-gun"
1698,‘å“‡ŒS˜a”‘’¬,"China Town, Oshima County"
1699,‘å“‡ŒS’m–¼’¬,"Yoron-cho, Oshima-gun"
1700,‘å“‡ŒS—^˜_’¬,Naha City
1701,“ß”es,Ginowan City
1702,‹X–ì˜ps,Ishigaki City
1703,ÎŠ_s,Urasoe City
1704,‰Y“Ys,Nago City
1705,–¼Œìs,Itoman City
1706,…–s,Okinawa City
1707,‰«“ês,Tomigusuku City
1708,–LŒ©és,Uruma City
1709,‚¤‚é‚Üs,Miyakojima City
1710,‹{ŒÃ“‡s,Nanjo City
1711,“ìés,"Kunigami Village, Kunigami District"
1712,‘“ªŒS‘“ª‘º,"Ogimi Village, Kunigami District"
1713,‘“ªŒS‘å‹X–¡‘º,"Higashi Village, Kunigami District"
1714,‘“ªŒS“Œ‘º,"Nakijin Village, Kunigami District"
1715,‘“ªŒS¡‹Am‘º,"Motobu-cho, Kunigami-gun"
1716,‘“ªŒS–{•”’¬,"Onna-son, Kunigami-gun"
1717,‘“ªŒS‰¶”[‘º,"Ginoza Village, Kunigami District"
1718,‘“ªŒS‹X–ìÀ‘º,"Kin Town, Kunigami District"
1719,‘“ªŒS‹à•’¬,"Ie Village, Kunigami District"
1720,‘“ªŒSˆÉ]‘º,"Yomitan Village, Nakagami District"
1721,’†“ªŒS“Ç’J‘º,"Kadena-cho, Nakagami-gun"
1722,’†“ªŒS‰Ãè”[’¬,"Chatan Town, Nakagami District"
1723,’†“ªŒS–k’J’¬,Nakagami-gun Kitanakagusuku Village
1724,’†“ªŒS–k’†é‘º,"Nakagusuku Village, Nakagami District"
1725,’†“ªŒS’†é‘º,"Nishihara Town, Nakagami District"
1726,’†“ªŒS¼Œ´’¬,"Yonabaru Town, Shimajiri District"
1727,“‡KŒS—^“ßŒ´’¬,"Haebaru Town, Shimajiri District"
1728,“‡KŒS“ì•—Œ´’¬,"Tokashiki Village, Shimajiri District"
1729,“‡KŒS“n‰Ã•~‘º,"Zamami Village, Shimajiri District"
1730,“‡KŒSÀŠÔ–¡‘º,"Aguni Village, Shimajiri District"
1731,“‡KŒSˆ¾‘‘º,"Tonaki Village, Shimajiri District"
1732,“‡KŒS“n–¼Šì‘º,Shimajiri-gun Minamidaito Village
1733,“‡KŒS“ì‘å“Œ‘º,"Kitadaito Village, Shimajiri District"
1734,“‡KŒS–k‘å“Œ‘º,"Iheya Village, Shimajiri District"
1735,“‡KŒSˆÉ•½‰®‘º,"Izena Village, Shimajiri District"
1736,“‡KŒSˆÉ¥–¼‘º,"Kumejima Town, Shimajiri District"
1737,“‡KŒS‹v•Ä“‡’¬,"Yaese Town, Shimajiri District"
1738,“‡KŒS”ªd£’¬,"Tarama Village, Miyako District"
1739,‹{ŒÃŒS‘½—ÇŠÔ‘º,"Taketomi Town, Yaeyama County"
1740,”ªdRŒS’|•x’¬,"Yonaguni Town, Yaeyama County"
,”ªdRŒS—^“ß‘’¬,
